employee_id,first_name,last_name,email,phone,dept_id,job_title,salary,hire_date,birth_date,address,city,state,zip_code,is_manager,reports_to,emergency_contact,emergency_phone,termination_date,termination_reason
EMP00001,Elizabeth,Smith,employee1@thegoods.com,258.771.7020,,CEO,171580,2017-01-17,2000-09-26,18789 Rebecca Centers Suite 299,Drewberg,MI,45874,True,,Sheryl Harris,549.223.2124,,
EMP00002,Zachary,Fields,employee2@thegoods.com,930.836.1322,,CFO,141292,2012-06-01,1991-09-27,7447 Alexander Roads,North Marymouth,PW,84414,True,,Alexis Chandler,+1-576-667-8453,,
EMP00003,James,Sanchez,employee3@thegoods.com,+1-378-543-7011x80336,,COO,129811,2019-05-16,1976-09-03,506 Lawrence Forges Apt. 511,Youngfort,OH,99412,True,,Donna Dillon,+1-973-562-5303x42602,,
EMP00004,David,Small,employee4@thegoods.com,+1-227-928-7022x940,,CTO,182957,2013-01-19,1973-12-22,29394 Bailey Turnpike,Bellmouth,PR,73586,True,,Heather James,001-659-681-7130x3292,,
EMP00005,Garrett,Lewis,employee5@thegoods.com,733-821-3300x0429,,CMO,181479,2012-11-15,1959-07-04,93095 May Burg,North Kayla,MI,20580,True,,Ryan Jackson,(669)531-8606x231,,
EMP00006,Juan,Hall,employee6@thegoods.com,805.535.9627,,HR Director,129684,2017-10-25,1960-01-27,3252 Sandoval Rest Suite 674,East Stacyville,KY,19672,True,3.0,Crystal Porter,001-969-641-4314x01398,,
EMP00007,Cheryl,Allen,employee7@thegoods.com,001-737-818-9428x40888,,IT Director,99247,2012-09-15,1989-01-21,85212 Brandon Heights,South Josephside,FM,92249,True,5.0,Brandon Strong,(296)548-7032x187,,
EMP00008,Jessica,Barber,employee8@thegoods.com,+1-688-284-2359,,Finance Manager,70821,2019-01-12,1965-05-22,9806 Jeremy Road,Harrisfurt,VI,19679,True,1.0,Michael Reynolds,(465)556-1577,,
EMP00009,Maxwell,Miller,employee9@thegoods.com,627.648.4792x7059,,Marketing Manager,66148,2015-03-05,1976-01-25,53606 Raymond Parks Apt. 674,New Joyburgh,MS,04420,True,1.0,Jordan Rangel,2074110648,,
EMP00010,Dustin,Kelly,employee10@thegoods.com,001-686-899-8008x81484,,Operations Manager,81220,2021-04-24,1989-08-26,1124 Tamara Rapid Suite 069,East Kristinburgh,WY,96301,True,2.0,Michael Harmon,+1-852-918-6678x239,,
EMP00011,Jennifer,Jenkins,employee11@thegoods.com,(994)386-3787x855,,HR Specialist,53122,2014-12-19,1998-09-15,972 Baldwin Crescent,Smithchester,ID,29029,False,3.0,Joshua Bryant,726.573.2681x361,,
EMP00012,Brandon,Holt,employee12@thegoods.com,(702)882-0749,,IT Specialist,53879,2016-01-10,1967-06-07,32459 Jessica Garden Apt. 414,North Lisa,NC,19924,False,2.0,Scott Rosario,414-234-3825x00869,,
EMP00013,Brian,King,employee13@thegoods.com,001-515-794-9283x49428,,Accountant,46325,2015-04-28,1996-01-13,0607 Holland Run,West Carolinefort,MO,38703,False,3.0,James Austin,403.324.2234x1779,,
EMP00014,Daniel,Brown,employee14@thegoods.com,(324)959-6090x127,,Marketing Specialist,59637,2023-11-10,1966-12-03,840 Sean Bypass,Jamesland,MI,22789,False,1.0,Peter Franklin,001-897-817-8625x61563,,
EMP00015,Elizabeth,Reid,employee15@thegoods.com,904-656-9606x28536,,Administrative Assistant,59793,2014-04-05,1986-01-18,711 Rose Loop,West Kayla,ID,15867,False,4.0,Travis Davis,(570)264-5478,,
EMP00016,Beth,Lawson,employee16@thegoods.com,303-803-3799,,Executive Assistant,57560,2014-05-08,1962-07-25,029 Ross Center Suite 440,Port Anthony,WV,42481,False,3.0,Mr. Mike Miller,4698260054,,
EMP00017,Vanessa,Campbell,employee17@thegoods.com,+1-385-517-4444,,Receptionist,45324,2013-06-13,2002-10-06,8235 Thomas Forks,Harrisside,WI,08241,False,4.0,Janet Garcia DDS,+1-389-204-3810x063,,
EMP00018,Caitlyn,Mclaughlin,employee18@thegoods.com,001-850-276-1404x86871,1001.0,Electronics Manager,87408,2017-12-17,1979-05-12,82109 Brian Road,North Joshuahaven,PA,18574,True,14.0,James Bailey,5988947939,,
EMP00019,Jonathan,Myers,employee19@thegoods.com,4614096033,1001.0,Electronics Sales Associate,41684,2024-10-11,1992-03-31,223 Lewis Island,Erinberg,NH,91202,False,18.0,Logan Webster,801-988-7206x96577,,
EMP00020,Kelli,Marshall,employee20@thegoods.com,871.830.8483x97200,1001.0,Electronics Department Lead,55989,2024-12-25,1969-08-26,8986 Gonzales Parkway Apt. 670,Curryshire,UT,98428,False,18.0,Hunter Smith MD,001-240-243-8801x5315,,
EMP00021,Heather,Clark,employee21@thegoods.com,+1-934-685-8425x56141,1001.0,Electronics Department Lead,59496,2023-06-17,1969-12-06,0183 Kimberly Neck Apt. 695,Lake Lisa,FL,34715,False,18.0,Jennifer Serrano,660.242.5990,,
EMP00022,Sarah,Morse,employee22@thegoods.com,589-681-8432x44574,1001.0,Customer Service Technician,39315,2017-12-29,1990-08-08,512 Angela Trace Suite 293,North Terri,NE,20710,False,18.0,Kristen Reed,500-473-5901,,
EMP00023,Danielle,Allison,employee23@thegoods.com,404.741.4822x430,1001.0,Mobile Phone Specialist,56453,2023-04-21,1988-12-07,7393 Adams Route Suite 085,Bradleyfurt,GA,49615,False,18.0,Laurie Rodriguez,001-935-239-5956x91720,,
EMP00024,Jacqueline,Montgomery,employee24@thegoods.com,993.673.6301x52773,1001.0,Electronics Department Lead,60226,2019-06-03,1993-11-19,84487 Michael Ports,New Melindaport,AR,75108,False,18.0,Samuel Jackson,587-982-5731x30220,2023-12-30,Retired
EMP00025,Crystal,Turner,employee25@thegoods.com,(833)240-1647x850,1001.0,Mobile Phone Specialist,47813,2019-05-30,1989-05-30,71986 Wagner Island,North Davidland,GU,96578,False,18.0,Frank Medina,493-722-0615,,
EMP00026,Christopher,Cochran,employee26@thegoods.com,879.487.9504x700,1001.0,Computer Technician,43749,2024-04-27,1966-03-07,77591 Jennings Unions,New Sarahborough,PR,74285,False,18.0,Connie Ibarra,001-844-770-7066x057,,
EMP00027,Jamie,Bradford,employee27@thegoods.com,+1-431-312-5982,1001.0,Mobile Phone Specialist,50184,2018-06-20,1984-03-07,16244 Cooper Locks Suite 137,East Joseside,TN,37409,False,18.0,Kelly Walker,602-774-3939x19165,,
EMP00028,Samantha,Johnson,employee28@thegoods.com,(809)252-7958,1001.0,Audio Equipment Expert,59774,2022-03-05,1981-01-01,93330 Brent Mall Apt. 205,Port Lisa,NY,37537,False,18.0,Christopher Rodriguez,397-285-7523x266,,
EMP00029,Eric,Wilson,employee29@thegoods.com,(820)450-2551x30999,1001.0,Customer Service Technician,46313,2019-02-14,1988-09-02,649 Gallagher Brook,Smithport,MA,50027,False,18.0,Henry Rivera,342.216.9195x7594,,
EMP00030,Joseph,Andrews,employee30@thegoods.com,(854)878-2924x09886,1001.0,Customer Service Technician,41509,2019-06-14,1962-12-25,700 Adams Trail,North Robertside,AZ,20540,False,18.0,Susan Wilson,(667)675-2163x592,,
EMP00031,Kimberly,Leach,employee31@thegoods.com,3767547889,1001.0,Computer Technician,49408,2019-11-08,1997-07-04,897 Raymond Springs,Port Kylemouth,VT,66053,False,18.0,Patrick Thomas,320-637-3600,,
EMP00032,Sarah,Thompson,employee32@thegoods.com,(591)742-0417,1001.0,Mobile Phone Specialist,46581,2020-01-08,1969-12-25,07184 Jordan Rest Apt. 351,Carlaborough,IL,30993,False,18.0,Mrs. Chloe James,7578207311,,
EMP00033,Tammy,Sutton,employee33@thegoods.com,386.858.2630,1001.0,Mobile Phone Specialist,47014,2021-05-11,2000-11-04,03879 Moore Forest,Adrianstad,LA,99597,False,18.0,Jaime Cook DDS,(298)332-2991x8128,,
EMP00034,Anna,Miller,employee34@thegoods.com,901.798.2771x7956,1001.0,Audio Equipment Expert,54678,2023-11-29,2005-04-05,6121 Burns Street Suite 441,Marystad,NV,37983,False,18.0,Stephen Robles,259.382.4813x2818,,
EMP00035,Christina,Diaz,employee35@thegoods.com,344.557.3526x40714,1001.0,TV Specialist,58996,2025-02-15,1964-08-09,5274 Teresa Greens Suite 645,Lauraland,SC,23806,False,18.0,Cynthia Cervantes,(951)229-4729x92633,,
EMP00036,Susan,Johnson,employee36@thegoods.com,(711)639-1222x761,1001.0,Customer Service Technician,47913,2024-08-30,1996-10-27,118 Steele Falls Apt. 318,Williamland,UT,99656,False,18.0,Marcus Bell,6347097181,,
EMP00037,Stacy,Thomas,employee37@thegoods.com,001-974-881-8731x78529,1001.0,Mobile Phone Specialist,51220,2019-11-29,1973-05-23,685 Brittany Lodge Apt. 758,Collierberg,NV,92492,False,18.0,Caitlyn Salazar,+1-303-991-6102x8111,,
EMP00038,Andrew,Dawson,employee38@thegoods.com,487.237.4805x2170,1001.0,Mobile Phone Specialist,45017,2017-09-17,1983-06-03,701 Shelton Crossing,Andersonmouth,NY,09071,False,18.0,Sandra Hayes,896-276-7416,,
EMP00039,Amy,Russo,employee39@thegoods.com,+1-888-644-4245x04988,1001.0,Customer Service Technician,46019,2020-09-06,2000-05-06,684 Rodriguez Mall,Nicolefort,MH,54965,False,18.0,Victor Shepard,515.452.5417,,
EMP00040,Edward,Farley,employee40@thegoods.com,786-785-0634,1001.0,Electronics Sales Associate,40080,2018-02-24,1979-06-11,1045 Wagner Villages Apt. 634,Port Kevin,IL,47629,False,18.0,Kerry Meyer,800.352.5136x2725,,
EMP00041,Corey,Sims,employee41@thegoods.com,7846874261,1001.0,Mobile Phone Specialist,54460,2021-06-30,1981-11-21,62757 John Station,North Angel,CT,15306,False,18.0,Megan Mccormick,(489)552-9748x02335,,
EMP00042,Zachary,King,employee42@thegoods.com,(396)838-3846x074,1001.0,Customer Service Technician,40634,2019-12-30,1995-04-29,5561 Latoya Meadow,Port Emilyfort,SD,42881,False,18.0,Audrey Schultz,524-525-8465x8993,,
EMP00043,Matthew,Davis,employee43@thegoods.com,(485)938-4994x08477,1001.0,Computer Technician,43518,2023-10-12,1988-12-09,80927 Mcgee Cliffs Suite 004,Leblancton,NC,65673,False,18.0,Ariel Wells,(418)285-7524x52164,,
EMP00044,Tammy,Rodriguez,employee44@thegoods.com,708.629.5485x21121,1001.0,Audio Equipment Expert,58888,2022-12-26,1997-03-13,38179 Hernandez Manor,North Steventown,FM,49709,False,18.0,Amber Lindsey,837.701.9363,,
EMP00045,Patricia,Bowman,employee45@thegoods.com,764.662.9690,1001.0,TV Specialist,45001,2024-10-18,1993-11-28,90926 Martinez Island,Alexfort,MT,08138,False,18.0,Mary Cochran,9736546007,,
EMP00046,Michele,Ruiz,employee46@thegoods.com,(885)764-4925x59334,1001.0,Electronics Sales Associate,41594,2017-12-01,1974-03-29,22097 Hill Lake,North Jean,NM,87692,False,18.0,Stephen Morgan,(927)242-3341x28343,,
EMP00047,Matthew,Long,employee47@thegoods.com,+1-568-657-5391x691,1001.0,Mobile Phone Specialist,53203,2019-05-16,1977-09-02,27661 Chung Road,Alexandraville,NH,20378,False,18.0,Brittany Wilson,374-281-5324x60639,,
EMP00048,Michael,Jackson,employee48@thegoods.com,001-560-799-3960x07894,1001.0,Electronics Sales Associate,44882,2021-08-27,1996-05-01,1772 Paula Dale,South Michaelville,IA,39815,False,18.0,Jessica Hooper,001-468-610-3202,,
EMP00049,Tommy,Shelton,employee49@thegoods.com,+1-615-895-4312,1002.0,Clothing Manager,74399,2015-06-19,1979-08-02,094 Tracey Gardens,Dunnport,CA,15825,True,14.0,Kendra Robbins,560.263.4051,,
EMP00050,Steven,Hall,employee50@thegoods.com,(932)379-1823x316,1002.0,Visual Merchandiser,47778,2017-10-23,1979-07-14,968 Donna Trail,Kyleland,LA,39134,False,49.0,Marie Sanchez,(821)956-0232x474,2025-03-20,Contract ended
EMP00051,Troy,Pierce,employee51@thegoods.com,(213)970-3597x978,1002.0,Men's Department Associate,46893,2018-07-03,1983-09-27,78679 Christina Forge Suite 939,Joannashire,TN,43661,False,49.0,Cathy Anderson,652.810.4811,,
EMP00052,Christopher,Stephenson,employee52@thegoods.com,001-433-513-8634,1002.0,Visual Merchandiser,47847,2021-09-03,1997-06-24,493 Adkins Creek,West Coryfurt,HI,73360,False,49.0,Sara Macdonald,203-501-6404,,
EMP00053,Holly,Molina,employee53@thegoods.com,+1-362-311-8806x90438,1002.0,Women's Department Associate,49418,2025-04-29,1974-01-13,99120 Thomas Glen,Brycemouth,WV,03237,False,49.0,Stuart Deleon,001-341-550-9957x5681,,
EMP00054,Chase,Walker,employee54@thegoods.com,(493)414-9392,1002.0,Clothing Department Lead,66448,2019-06-19,1969-06-01,47262 Hood Cove Apt. 916,Patriciaburgh,NV,88841,False,49.0,Vanessa Vincent,608.272.4036,,
EMP00055,Haley,Beck,employee55@thegoods.com,(940)964-6765x172,1002.0,Clothing Department Lead,66824,2017-07-17,2003-05-13,29123 Nguyen Isle Suite 441,Brendatown,AK,09984,False,49.0,Isabel Smith,+1-524-603-0922,,
EMP00056,Joseph,Turner,employee56@thegoods.com,(663)209-0669x5804,1002.0,Fashion Consultant,51194,2019-01-20,2003-10-06,4651 Ford Oval Apt. 300,New Wesley,WY,36913,False,49.0,Mary Buck,245-550-7429x828,,
EMP00057,Tammy,Sutton,employee57@thegoods.com,200-501-0568x977,1002.0,Men's Department Associate,46211,2023-02-20,2004-06-29,9644 Terri Drives Apt. 696,Lake Vincent,OK,64285,False,49.0,Jordan Li,448.459.6357,,
EMP00058,Elizabeth,Hardy,employee58@thegoods.com,326-205-7948x15758,1002.0,Clothing Department Lead,62707,2023-11-19,1961-02-24,4751 Jose Landing Suite 379,Williamton,VT,07974,False,49.0,Aaron Vega,(987)507-8961,,
EMP00059,Elizabeth,Short,employee59@thegoods.com,(509)415-5732x222,1002.0,Women's Department Associate,46704,2023-10-27,1978-09-23,75426 Gary Ridges,East Josephborough,ME,72896,False,49.0,Marc Todd,9617845672,,
EMP00060,Andrew,Mann,employee60@thegoods.com,001-539-548-4771x467,1002.0,Visual Merchandiser,43368,2021-04-12,1990-05-25,213 Williams Pike,Port Eric,KS,01960,False,49.0,Rebekah Hester,(794)374-3418x81576,,
EMP00061,Bruce,Davis,employee61@thegoods.com,(845)598-2194x1517,1002.0,Men's Department Associate,43313,2020-06-07,1984-01-01,908 Turner Branch,North James,MI,29589,False,49.0,Gary Munoz,(439)272-0560x064,,
EMP00062,Melissa,Abbott,employee62@thegoods.com,001-273-896-7071,1002.0,Fashion Consultant,49270,2022-04-17,1993-05-03,13032 Jason Shores,East Michael,ME,29832,False,49.0,Johnny Barr,536-456-0267x41216,,
EMP00063,Brandy,Reyes,employee63@thegoods.com,(523)897-2484,1002.0,Men's Department Associate,42716,2019-06-14,1994-03-03,960 Aguilar Prairie,North Michaelville,MI,83075,False,49.0,Joe Burton,7813653598,,
EMP00064,Dawn,Harris,employee64@thegoods.com,(409)628-3534,1002.0,Fitting Room Attendant,41645,2023-08-19,1990-02-19,15280 Jessica Mall Suite 861,Seanmouth,WY,77715,False,49.0,Susan Lowe,869-264-9289x638,,
EMP00065,Jennifer,Bennett,employee65@thegoods.com,001-693-600-5476x4249,1002.0,Fashion Consultant,50669,2018-04-08,1966-04-03,183 Matthew Corner,South Randall,VA,78363,False,49.0,Matthew White,829.272.1369x086,,
EMP00066,David,Morales,employee66@thegoods.com,265-501-2404,1002.0,Inventory Specialist,45312,2018-10-16,1974-06-03,6097 James Parks,Castilloborough,NC,50137,False,49.0,Dennis Nicholson,620-586-6478x635,,
EMP00067,Heather,Flynn,employee67@thegoods.com,(569)341-5354,1002.0,Fashion Consultant,47680,2017-07-21,1983-08-27,509 Rebecca Circles,Hancockstad,PW,81883,False,49.0,Carrie White,5846074938,,
EMP00068,Richard,Beard,employee68@thegoods.com,001-425-428-7440x29133,1002.0,Visual Merchandiser,41908,2024-07-19,1982-05-30,92191 Marsh Parkway,South Jonathanborough,MH,82507,False,49.0,Rachel Yang,(299)786-6318,,
EMP00069,John,Sweeney,employee69@thegoods.com,+1-576-390-4635x077,1002.0,Inventory Specialist,56975,2021-07-05,1985-09-21,377 Allen Keys Suite 095,Port James,GA,85038,False,49.0,Mark Wright,550.269.8443,,
EMP00070,Rachel,Porter,employee70@thegoods.com,727-880-6644,1002.0,Visual Merchandiser,43164,2018-09-23,1998-05-07,926 Espinoza Creek Apt. 701,New Jenniferchester,AR,52329,False,49.0,Tracey Lloyd DVM,001-670-455-4565x1541,,
EMP00071,Holly,Medina,employee71@thegoods.com,445-409-4138,1002.0,Women's Department Associate,41807,2024-10-25,1997-11-15,0101 Barbara Key,Lake Kevinport,VA,22870,False,49.0,Ashley Torres,880-581-0635x51972,2024-12-30,Contract ended
EMP00072,Lucas,Watson,employee72@thegoods.com,+1-624-776-8258,1002.0,Fashion Consultant,55805,2019-08-16,1987-09-21,05011 Smith Dam,Stoneshire,NE,62855,False,49.0,Johnny Figueroa,001-920-729-7637,,
EMP00073,Michael,Osborne,employee73@thegoods.com,+1-443-719-3667x116,1002.0,Men's Department Associate,40905,2020-03-21,1969-03-05,93862 Amanda Route,Lake Judy,TX,61702,False,49.0,Raymond Odom,927.351.3158x620,,
EMP00074,Melissa,Armstrong,employee74@thegoods.com,577-685-4079x453,1002.0,Visual Merchandiser,46049,2025-03-30,1963-07-05,64628 Williams Ports,Bryantberg,VA,01305,False,49.0,Peter Baker,705-950-3750x1605,,
EMP00075,Joshua,Castillo,employee75@thegoods.com,712.837.2873x576,1002.0,Clothing Sales Associate,41300,2023-05-31,1971-08-06,3999 Christine Haven Suite 177,Natashaville,NE,69465,False,49.0,Douglas Ramirez,001-296-615-1600,,
EMP00076,James,Doyle,employee76@thegoods.com,851.200.6707,1002.0,Fashion Consultant,58196,2019-09-19,1971-04-07,3007 Juan Lake Apt. 742,East Amandabury,ID,08254,False,49.0,Elizabeth Clarke,201.280.8753x74126,,
EMP00077,Tara,Henderson,employee77@thegoods.com,001-474-658-6189x4206,1002.0,Clothing Sales Associate,45885,2024-11-14,1985-03-03,202 Michael Fields Suite 552,North Lee,AS,71054,False,49.0,Joseph Hall,(751)657-1619,,
EMP00078,Edward,Harper,employee78@thegoods.com,001-344-618-5071x13835,1002.0,Clothing Sales Associate,38802,2020-09-21,1980-05-17,7658 Herrera Stream Suite 476,North Ronald,OK,30813,False,49.0,Tammie Chan,(573)470-2197x6174,,
EMP00079,Kevin,Hardin,employee79@thegoods.com,422.255.1458x8501,1002.0,Inventory Specialist,53611,2023-10-14,1988-10-17,02639 Alexander Walks,New Brandimouth,VA,31041,False,49.0,Denise Sherman,940.339.0607,,
EMP00080,Sharon,Murray,employee80@thegoods.com,+1-470-634-5058x820,1002.0,Men's Department Associate,42470,2024-09-05,1971-07-18,943 Roberts Drive Suite 779,North Kyle,SD,17681,False,49.0,Frank Romero,832.413.0193,,
EMP00081,Steven,Thompson,employee81@thegoods.com,961-419-4361x47562,1002.0,Women's Department Associate,48735,2018-07-15,1971-04-22,18444 Greene Hills Apt. 563,Tracychester,OH,84911,False,49.0,Ashley Poole,210.286.9654x065,,
EMP00082,Mitchell,Ramsey,employee82@thegoods.com,001-714-307-7142x10543,1002.0,Men's Department Associate,48036,2018-08-10,1968-08-15,349 Graves Ports,Port Eric,CT,08183,False,49.0,Kimberly Williams,485.385.9919x289,,
EMP00083,Steven,Osborn,employee83@thegoods.com,001-860-438-3478,1002.0,Clothing Department Lead,65781,2023-09-09,1979-02-05,61501 Smith Bridge Apt. 509,Lake Victorfurt,CA,13146,False,49.0,Sarah Smith,567.903.4700x826,,
EMP00084,Emily,Gibbs,employee84@thegoods.com,(522)550-7476x2198,1002.0,Clothing Department Lead,67383,2024-12-27,1995-02-21,301 Hunter Glens Suite 071,West Timothy,DE,14048,False,49.0,David Vincent,5343287567,,
EMP00085,Katie,Martinez,employee85@thegoods.com,(760)827-9126x1540,1002.0,Clothing Department Lead,59026,2023-04-15,1988-05-04,39348 Brian Gardens,West Danielle,IL,75751,False,49.0,Mark Collins,(721)965-9811,,
EMP00086,Karla,Campos,employee86@thegoods.com,467.289.5379,1003.0,Home Goods Manager,88738,2021-08-26,1976-07-15,682 Boyd Park,New Trevor,IL,09379,True,7.0,Garrett Robertson,(350)484-3421,,
EMP00087,Amy,Waller,employee87@thegoods.com,(988)229-1454,1003.0,Home Department Lead,68417,2018-03-14,1990-05-28,3321 Malik Squares Suite 432,Kellyborough,WA,80423,False,86.0,Anthony Owens,+1-810-950-8989x4081,,
EMP00088,Sarah,Werner,employee88@thegoods.com,(693)551-0738x5153,1003.0,Kitchenware Specialist,48444,2018-09-23,1976-10-15,415 Barry Avenue Suite 617,Michaelchester,ID,64555,False,86.0,Amanda Meyer,251-830-0634,,
EMP00089,Colin,Koch,employee89@thegoods.com,001-392-762-3618,1003.0,Home Decor Consultant,51529,2023-11-03,1980-07-08,6423 Moreno Parkway Suite 079,Lake Cynthiaport,NH,49532,False,86.0,Craig Patton,001-433-650-1232x90011,,
EMP00090,Joshua,Soto,employee90@thegoods.com,(282)721-2151x108,1003.0,Home Decor Consultant,53672,2022-05-11,2003-11-19,5935 Wall Station Suite 008,West Emmaberg,MH,84723,False,86.0,Robin Long,(789)421-7447x0749,,
EMP00091,Catherine,Montgomery,employee91@thegoods.com,+1-698-397-6391x60076,1003.0,Kitchenware Specialist,47011,2018-07-21,1992-09-14,870 Michael River Suite 063,Kennethchester,NV,69413,False,86.0,Mrs. Allison Torres,(775)298-1863x2433,,
EMP00092,Sarah,Petty,employee92@thegoods.com,812-774-8162,1003.0,Interior Design Consultant,54130,2025-02-13,1967-10-09,6605 Dustin Row,New Stevenview,MO,49618,False,86.0,Christine Mccoy,(356)990-2876,,
EMP00093,Robert,Medina,employee93@thegoods.com,689.210.2087,1003.0,Home Department Lead,63823,2025-04-10,1967-11-07,5003 Chelsey Place,Stephenside,GA,42030,False,86.0,Sharon Lopez,565.920.7748x60256,,
EMP00094,Stephanie,Davis,employee94@thegoods.com,001-769-909-7273x285,1003.0,Home Department Lead,60711,2024-01-28,1995-09-04,8408 Martin View Apt. 861,South Dylan,WY,01350,False,86.0,John Hicks,001-299-667-2824x19786,,
EMP00095,Amber,Dixon,employee95@thegoods.com,+1-625-398-6724x195,1003.0,Interior Design Consultant,49087,2018-10-16,1989-06-11,76269 Ford Extensions Apt. 576,Martinmouth,MH,09157,False,86.0,Thomas Obrien,531.343.0995x32189,,
EMP00096,Wendy,Lutz,employee96@thegoods.com,505.286.5483,1003.0,Home Department Lead,68242,2024-06-02,1979-11-08,174 Michael Corner,Hansonmouth,TN,54414,False,86.0,Thomas Wells,001-575-624-0975x86139,,
EMP00097,Jordan,Ortega,employee97@thegoods.com,(500)244-1850x060,1003.0,Kitchenware Specialist,58661,2024-11-08,2005-10-05,63486 Marcus Meadow Suite 887,West Lorraine,MH,82916,False,86.0,James Buckley,984.213.7078,,
EMP00098,Donna,Hoover,employee98@thegoods.com,001-314-911-8260x60682,1003.0,Kitchenware Specialist,48860,2019-04-10,1989-02-27,6705 Salinas Extension Apt. 500,North Susanland,NC,86213,False,86.0,Todd Barker,(901)219-9068,,
EMP00099,Catherine,Aguilar,employee99@thegoods.com,623-226-6345x6450,1003.0,Home Department Lead,58814,2023-06-11,1993-03-16,59220 Bryan Forks Suite 207,Valenzuelabury,MA,74930,False,86.0,Jacob Mcfarland,+1-883-470-1577x4416,,
EMP00100,Isabel,Acosta,employee100@thegoods.com,448.847.1693x61756,1003.0,Furniture Specialist,47180,2018-05-18,1985-02-10,1550 Cynthia Isle,Smithport,TX,02642,False,86.0,Karina Lopez,375.591.1286,,
EMP00101,Monica,Black,employee101@thegoods.com,+1-755-670-1601x619,1003.0,Kitchenware Specialist,53565,2018-05-26,2004-11-04,352 Young Bridge Suite 206,Cindyshire,OR,42973,False,86.0,Diana Hill,+1-409-395-8928,2022-12-09,Contract ended
EMP00102,Meredith,Riley,employee102@thegoods.com,+1-563-508-3977x2518,1003.0,Furniture Specialist,59987,2023-10-27,1986-05-09,49102 Walker Plains Suite 493,Kennethshire,RI,85261,False,86.0,Mr. Scott Roberts,388.922.3409,,
EMP00103,Wayne,Benson,employee103@thegoods.com,974-838-2678x28275,1003.0,Home Goods Associate,48926,2017-09-16,1984-08-12,9810 Martinez Fort,West Samuelburgh,OR,82419,False,86.0,William Mason,001-734-658-7236x3628,,
EMP00104,Laura,Gardner,employee104@thegoods.com,845-275-8738,1003.0,Interior Design Consultant,49740,2024-08-05,1977-01-21,5115 Kelly Via Apt. 871,Lake Benjaminborough,AL,07353,False,86.0,Matthew Mathews,951.572.8632x4948,,
EMP00105,Katherine,Johnson,employee105@thegoods.com,+1-302-998-4558x28146,1003.0,Home Decor Consultant,57779,2020-11-01,2001-05-23,0189 Jason Point,Deleonberg,DE,64002,False,86.0,Melissa Sanchez,9696668844,,
EMP00106,Christopher,Lee,employee106@thegoods.com,(420)962-4807,1003.0,Furniture Specialist,45942,2022-04-27,1973-02-01,569 Melissa Tunnel Apt. 874,Port Keith,VI,07345,False,86.0,Erin Martin,2905508345,,
EMP00107,Shannon,Hall,employee107@thegoods.com,3929692526,1003.0,Home Department Lead,57522,2024-04-15,1977-04-10,1882 Sarah Parkways Suite 002,Port Jeffland,IL,79502,False,86.0,Rachel Clark,498.974.4512,,
EMP00108,Gloria,Smith,employee108@thegoods.com,286.960.7644x207,1003.0,Interior Design Consultant,51690,2020-10-21,1982-12-03,599 Jennifer Gateway,East Amyshire,NY,41958,False,86.0,Jordan Jordan,+1-605-842-3112x62574,,
EMP00109,Troy,Hughes,employee109@thegoods.com,450-757-5194x34254,1003.0,Home Department Lead,58032,2020-08-27,1991-05-21,115 Leon Greens Suite 504,Starkstad,IL,34040,False,86.0,Glenda Pena,(988)603-2602,,
EMP00110,Andrew,Morris,employee110@thegoods.com,+1-968-873-3520x188,1003.0,Home Goods Associate,45364,2023-08-22,2000-12-08,97630 Madeline Manors,Pittsstad,IA,48303,False,86.0,Mary Jones DVM,001-685-879-1721,,
EMP00111,Franklin,Young,employee111@thegoods.com,001-955-515-1093x466,1003.0,Home Department Lead,67140,2021-11-24,1961-10-14,8081 Jessica Trail,Port Travis,KY,56936,False,86.0,Bobby Martinez,(966)531-1084x855,,
EMP00112,Gina,Humphrey,employee112@thegoods.com,881.824.0147,1003.0,Home Decor Consultant,57677,2024-05-01,1987-05-28,8461 Mendez Burg Apt. 452,Douglasville,NH,87472,False,86.0,Adam Lopez,313-287-5093,,
EMP00113,Jennifer,Huang,employee113@thegoods.com,835.859.9717x7721,1003.0,Home Department Lead,62260,2023-04-25,2006-05-10,62595 Susan Lake,Shawnfort,DC,70506,False,86.0,Megan Shaw,+1-537-925-9561x689,,
EMP00114,Andre,Torres,employee114@thegoods.com,702-970-3646,1003.0,Interior Design Consultant,56488,2022-10-20,1978-07-18,2723 Cabrera Inlet,West Kevin,NJ,73311,False,86.0,Amy Flores,(907)648-6993x58839,,
EMP00115,Daniel,Pugh,employee115@thegoods.com,+1-366-459-1444x50323,1003.0,Home Goods Associate,46728,2021-01-08,1972-01-25,2742 Wagner Cove,Kristenfurt,MD,39796,False,86.0,Michael Hernandez,437.620.4168x9394,,
EMP00116,Morgan,Fitzpatrick,employee116@thegoods.com,489-600-6067x0876,1003.0,Kitchenware Specialist,45743,2018-05-25,1960-12-03,330 Emily Falls,Robinsonhaven,MD,20579,False,86.0,Lindsay Thompson,970-926-7218x25715,,
EMP00117,David,Castillo,employee117@thegoods.com,563.897.8690,1003.0,Kitchenware Specialist,52173,2019-04-20,1965-01-11,96822 Tanya Loop Apt. 957,South Amyborough,AL,07214,False,86.0,Alyssa Richardson,941-758-9689x7482,,
EMP00118,Amanda,Clark,employee118@thegoods.com,+1-531-883-9021x57320,1003.0,Home Department Lead,63214,2024-09-06,2003-06-23,228 Lawrence Mountains Apt. 110,North Molly,NC,15154,False,86.0,Arthur Wright,(888)957-0158,,
EMP00119,Robert,Moore,employee119@thegoods.com,(830)826-6980x32739,1003.0,Kitchenware Specialist,59658,2018-04-22,1977-11-20,137 Jones Estate,Lake Brenda,TX,09868,False,86.0,Haley Pratt,435.608.2204x7301,,
EMP00120,Anthony,Griffin,employee120@thegoods.com,382.241.8335x67207,1003.0,Interior Design Consultant,45540,2022-01-18,1964-09-09,42722 Zachary Valleys Suite 809,Lake Danielland,NH,37654,False,86.0,Tina Watkins,(622)306-8673x64389,,
EMP00121,Frank,Howard,employee121@thegoods.com,620.929.0166x51517,1003.0,Bedding Expert,52961,2023-08-05,1980-08-11,43666 Kim Pine,Cynthiamouth,AS,85967,False,86.0,David Smith,(580)215-2765x0960,,
EMP00122,Mary,Mcdowell,employee122@thegoods.com,656.793.9632x29919,1003.0,Bedding Expert,51954,2021-01-29,1992-08-26,43399 Jones Gardens Suite 306,New Jeffreymouth,VT,87904,False,86.0,Maria Brown,398-878-0187,,
EMP00123,Diamond,Hendrix,employee123@thegoods.com,641.405.5672,1003.0,Furniture Specialist,47298,2024-06-26,2006-01-22,07842 Wilson Mount Apt. 375,Cainside,MT,58341,False,86.0,Ashley Wilcox,(248)293-6175x90887,,
EMP00124,Miguel,Frost,employee124@thegoods.com,+1-528-616-0253,1003.0,Home Goods Associate,49619,2024-05-13,1973-06-05,22013 Charles Burg,East Samantha,VI,80649,False,86.0,Judy Figueroa,+1-297-426-3329x330,,
EMP00125,George,Neal,employee125@thegoods.com,(612)340-0622,1003.0,Interior Design Consultant,49581,2023-12-04,1982-08-20,860 Richard Union Apt. 476,Lake Michelleburgh,OR,02546,False,86.0,Carrie Morales,001-499-904-5082x026,,
EMP00126,Lori,Montgomery,employee126@thegoods.com,(553)998-3745,1003.0,Bedding Expert,52737,2021-11-07,1972-03-27,268 Molina Camp,Robertborough,FL,85468,False,86.0,Richard Rivera,+1-831-724-8382x790,,
EMP00127,Mary,Torres,employee127@thegoods.com,334.885.4132x366,1003.0,Home Department Lead,60737,2025-03-19,1968-03-29,30819 Robinson Summit Apt. 494,Duanetown,KS,47114,False,86.0,Diana Douglas,2529673889,,
EMP00128,Jennifer,Wright,employee128@thegoods.com,+1-487-863-9540x0220,1003.0,Kitchenware Specialist,49485,2023-08-03,1996-05-26,512 Rojas Ways Apt. 570,South James,AK,89625,False,86.0,Kelly White DVM,2002390110,,
EMP00129,Glenn,Hansen,employee129@thegoods.com,(710)338-8781,1003.0,Home Goods Associate,48061,2021-12-24,2002-03-13,8926 Mitchell Centers,Port Lindseyfurt,HI,96984,False,86.0,Charles Kelly,+1-455-238-7097x91542,,
EMP00130,Ebony,Bautista,employee130@thegoods.com,001-883-571-5875x449,1003.0,Home Department Lead,67358,2020-04-26,1968-02-27,6604 White Glens,Erictown,MP,81102,False,86.0,Brian Carter,901-260-9706,,
EMP00131,John,Martin,employee131@thegoods.com,493-550-8054,1003.0,Interior Design Consultant,47313,2019-06-24,1970-01-11,4151 Karen View Suite 288,West Christopherview,NV,96690,False,86.0,Latoya Humphrey,7539799915,,
EMP00132,Jennifer,Hughes,employee132@thegoods.com,618-516-2826x1362,1003.0,Home Goods Associate,44557,2018-08-21,1989-10-26,173 Cunningham Drive,Natalieview,VA,96919,False,86.0,Nicholas Adams,+1-863-321-8270x0626,,
EMP00133,Angela,Osborne,employee133@thegoods.com,447-860-7798x9896,1003.0,Furniture Specialist,52742,2024-02-26,1983-05-12,33989 Wilkins Trail Apt. 588,West Ashleyfurt,UT,21688,False,86.0,Henry Ramsey,+1-303-515-3953,,
EMP00134,Michael,Anderson,employee134@thegoods.com,485-375-1743x1926,1003.0,Home Department Lead,61602,2018-01-12,2002-11-03,314 Hayes Meadow Suite 425,Mclaughlintown,GU,15880,False,86.0,Tammy Buckley,461-716-0810x745,,
EMP00135,Mary,Pace,employee135@thegoods.com,(215)808-5511x0803,1004.0,Grocery Manager,84641,2017-11-16,1985-09-23,7105 Medina Circle Apt. 713,North Reginashire,ME,84284,True,12.0,William Steele,500-436-6606,,
EMP00136,Kaitlyn,Harvey,employee136@thegoods.com,+1-715-794-5606,1004.0,Bakery Associate,44500,2021-11-20,1990-08-16,2427 Wade Rest,North Nicholasville,MA,26344,False,135.0,Melanie Conway,643-716-2300x300,,
EMP00137,George,Mccann,employee137@thegoods.com,623.850.9688x88311,1004.0,Cashier,38565,2023-08-26,1968-12-12,6844 Jones Trail Apt. 191,Duranfurt,FL,19395,False,135.0,Kathryn Mccann,326-703-2003x9029,2024-03-15,Terminated
EMP00138,Larry,Hernandez,employee138@thegoods.com,998.211.2105,1004.0,Deli Counter Associate,41712,2020-04-03,2002-08-29,44236 Holly Island,Burnsburgh,UT,22608,False,135.0,Jocelyn Martin,001-820-395-5409x3436,,
EMP00139,Brian,Johnson,employee139@thegoods.com,(856)993-0090x38755,1004.0,Cashier,46596,2019-09-06,1977-11-23,42823 Tammy Vista,Joetown,UT,33416,False,135.0,Eric Washington,001-305-313-9541x4916,,
EMP00140,Allison,Thomas,employee140@thegoods.com,(919)962-3268x62513,1004.0,Grocery Clerk,38442,2018-01-28,1966-04-16,905 Howard Branch Suite 831,East Melissaport,MT,78473,False,135.0,Anthony Hayes,+1-282-309-7681x278,,
EMP00141,Dylan,Keith,employee141@thegoods.com,001-651-490-6294,1004.0,Stock Clerk,45105,2022-07-30,1960-09-09,30657 Lacey Points,Gomezborough,IL,87598,False,135.0,Katie Santos,001-680-413-6049x47421,,
EMP00142,Jocelyn,Cardenas,employee142@thegoods.com,+1-727-918-9804,1004.0,Bakery Associate,49424,2020-02-19,1997-02-20,96258 Gill Route,South Ginaville,NJ,56523,False,135.0,Taylor Leonard,001-695-590-5304,,
EMP00143,Christopher,Oneal,employee143@thegoods.com,940.663.9590x700,1004.0,Cashier,49306,2023-08-07,1962-05-28,97351 Kimberly Avenue,Lake Jason,CO,68761,False,135.0,Jose Allen,001-885-891-4693,2025-05-15,Layoff
EMP00144,Jesse,Jones,employee144@thegoods.com,+1-590-409-1807,1004.0,Produce Specialist,59274,2023-02-26,1996-04-16,41973 Roach Pine Suite 071,Camposfort,MD,38548,False,135.0,Richard Washington,001-356-586-8047x7900,,
EMP00145,Heather,Cox,employee145@thegoods.com,287.719.1392x117,1004.0,Grocery Clerk,43086,2021-12-03,1987-04-29,6961 Sampson Mountains Suite 938,South Caitlin,NC,12610,False,135.0,David Brooks,(595)240-0545,,
EMP00146,Nicole,Mitchell,employee146@thegoods.com,001-531-866-5189x9940,1004.0,Inventory Manager,89498,2019-12-01,1991-03-15,29816 Browning Views Apt. 326,North Andrew,IN,88413,False,135.0,Gabrielle Mendez,829.415.5152x1983,,
EMP00147,Jacqueline,Nichols,employee147@thegoods.com,001-372-760-7612x42044,1004.0,Inventory Manager,77278,2019-02-25,1978-05-11,072 Shelton Ranch,Ashleyview,PR,83006,False,135.0,Thomas Martinez,898.792.6629x36740,,
EMP00148,Jessica,Johnson,employee148@thegoods.com,(529)757-0349,1004.0,Deli Counter Associate,43268,2020-09-20,1995-04-20,1760 George Spurs,Longbury,FM,55408,False,135.0,Pamela Martinez,+1-952-609-8463x477,,
EMP00149,Melissa,Campos,employee149@thegoods.com,(333)644-1901x28029,1004.0,Stock Clerk,42811,2018-04-13,1969-02-01,07480 Matthew Rapids Suite 205,Edwardsburgh,NH,10809,False,135.0,Nicole Soto,5755009670,,
EMP00150,Allison,Fletcher,employee150@thegoods.com,306.997.3382x87899,1004.0,Stock Clerk,39643,2024-07-25,1966-09-07,88151 Ryan Trail Apt. 871,North Harryshire,WY,62256,False,135.0,Sandra Adams,534-455-1638,,
EMP00151,Theresa,Ramos,employee151@thegoods.com,001-210-357-5498x1118,1004.0,Inventory Manager,81366,2021-06-22,1979-02-05,898 Jennifer Drives,West Tamaraville,KY,31649,False,135.0,Elizabeth Johnson,254-203-3596,,
EMP00152,Stephen,Murphy,employee152@thegoods.com,809.862.7718,1004.0,Inventory Manager,79959,2024-06-24,1985-02-27,17762 Brown Spring,Jessicaberg,FM,94436,False,135.0,Megan Wood,295.669.6826x0692,,
EMP00153,Christina,Brooks,employee153@thegoods.com,+1-930-833-5003,1004.0,Bakery Associate,40316,2018-05-23,1978-04-29,85503 Gregory Tunnel,North Theresahaven,SD,81870,False,135.0,Cheryl Jones,736.972.3101x094,,
EMP00154,Dalton,Johnson,employee154@thegoods.com,(607)330-8163,1004.0,Deli Counter Associate,44207,2020-04-13,1963-06-01,27257 Maynard Extensions Suite 195,Kimberlyfurt,DE,92296,False,135.0,Jon Orr,+1-458-224-3482,,
EMP00155,William,West,employee155@thegoods.com,(536)723-9161,1004.0,Produce Specialist,57389,2024-04-20,1997-10-23,8552 Hatfield Passage,Crosbyton,NC,70734,False,135.0,Michael Clark,429.489.8205x4137,,
EMP00156,Gregory,Miller,employee156@thegoods.com,331-869-5800x6841,1004.0,Grocery Department Lead,58882,2022-05-13,1961-01-29,012 Misty Throughway,West Amber,FM,40861,False,135.0,Katherine Hernandez,774.284.8936x98022,,
EMP00157,Jay,Guerrero,employee157@thegoods.com,001-278-713-7421x4157,1004.0,Grocery Clerk,40420,2021-12-10,1965-10-17,46059 Richard Creek,Lake Kennethport,VA,64182,False,135.0,Jennifer Graves,349-543-4050,,
EMP00158,Kelli,Perry,employee158@thegoods.com,919.445.7545x23558,1004.0,Bakery Associate,45540,2023-12-18,1987-05-29,0552 Jones Alley Suite 154,Port Marieshire,GA,23118,False,135.0,Melinda Lee,(762)997-2548x35459,,
EMP00159,Jamie,Stone,employee159@thegoods.com,(950)402-3097x296,1004.0,Grocery Clerk,45802,2018-12-09,1985-06-12,98285 Joseph Manor Apt. 094,Port Justin,AL,20369,False,135.0,Michelle Duran,5135011326,,
EMP00160,Andrea,Robertson,employee160@thegoods.com,001-366-768-6734,1004.0,Inventory Manager,90034,2022-03-23,1992-04-22,21904 Holly Trail,Johnsonmouth,MT,75361,False,135.0,Peter Gutierrez,001-844-946-9442x110,,
EMP00161,Cheryl,Williams,employee161@thegoods.com,(230)632-6151x871,1004.0,Stock Clerk,49367,2017-07-22,1960-05-22,6463 Donald Inlet Apt. 144,Duncanmouth,SC,65214,False,135.0,Colleen Hunter,441-363-1892x75006,,
EMP00162,Cheryl,Johnson,employee162@thegoods.com,2505674817,1004.0,Grocery Clerk,43229,2020-02-14,1991-11-30,39375 Kimberly Squares,Lake Coryberg,CO,60713,False,135.0,Kevin Mitchell,001-257-418-1341,,
EMP00163,Anthony,Wilson,employee163@thegoods.com,(891)885-3610x6707,1004.0,Cashier,41937,2024-04-27,1982-07-12,58912 Shaffer Mountains,Sanchezburgh,MO,71142,False,135.0,Michelle Humphrey,581.305.2894x1686,,
EMP00164,Susan,Kelly,employee164@thegoods.com,(256)776-7879,1004.0,Stock Clerk,48634,2025-06-06,2002-08-26,16691 Rhonda Fords Suite 052,Dominicchester,TN,77292,False,135.0,Laura Nolan,(686)399-0078x28160,,
EMP00165,Tyler,Grimes,employee165@thegoods.com,+1-264-504-9703x8341,1004.0,Grocery Clerk,39917,2023-07-20,1962-10-23,55770 Amanda Bridge,Romerotown,NY,24206,False,135.0,Wendy Bennett,+1-794-632-0130x22393,,
EMP00166,Nathaniel,Miller,employee166@thegoods.com,484.347.2781,1004.0,Produce Specialist,47538,2017-11-08,1988-01-15,735 Marc Heights Suite 066,South Janetchester,MT,35405,False,135.0,Mr. Daniel Simon,(283)248-5497x5157,,
EMP00167,William,Hernandez,employee167@thegoods.com,+1-497-336-0630x1798,1004.0,Grocery Clerk,46158,2019-12-14,1995-05-27,278 Paige Street Apt. 285,Hollowaybury,MH,34808,False,135.0,Bernard Bruce,406-451-5138,,
EMP00168,Eric,Townsend,employee168@thegoods.com,(658)483-4996x0520,1004.0,Grocery Clerk,38895,2018-10-05,2002-01-23,7913 Davis Parkway,Rayton,RI,39640,False,135.0,Shawna Owens,288-929-9178,2024-09-15,Contract ended
EMP00169,Sara,King,employee169@thegoods.com,001-780-361-8700x136,1004.0,Produce Specialist,50701,2020-10-18,1966-07-06,63576 John Inlet,Whitemouth,OR,72304,False,135.0,Janet Nelson,622-389-8535,,
EMP00170,Benjamin,Little,employee170@thegoods.com,001-742-367-3632,1004.0,Cashier,47312,2019-07-13,1976-06-13,43080 Flores Corners,Port Benjaminmouth,RI,06422,False,135.0,Jacob Graves,869.317.1359x5184,,
EMP00171,William,Kennedy,employee171@thegoods.com,627-319-9272,1004.0,Bakery Associate,40353,2021-03-24,1988-06-23,333 Brian Lakes Suite 976,East Michaelberg,VT,18703,False,135.0,Terry Buck,796.717.7001x280,,
EMP00172,Shawn,Santos,employee172@thegoods.com,888-598-3311x989,1004.0,Deli Counter Associate,43223,2022-12-20,1976-11-03,2564 Judy Lights,Lake Matthewport,MH,27798,False,135.0,Sherry Smith,589.850.9157x27506,,
EMP00173,Carrie,Valenzuela,employee173@thegoods.com,001-625-605-3865x31235,1004.0,Stock Clerk,43549,2018-10-21,1966-10-29,418 Phillips Meadows,Port Bradley,PR,25059,False,135.0,Zachary Porter,001-372-373-1392,,
EMP00174,Arthur,Carney,employee174@thegoods.com,001-229-538-0743x85729,1004.0,Bakery Associate,40083,2022-08-02,2003-09-20,651 Beard Meadow,Youngborough,NV,49772,False,135.0,Jesse Taylor,278.776.5973x246,2024-06-24,Contract ended
EMP00175,Katherine,Bailey,employee175@thegoods.com,(511)892-5058,1004.0,Deli Counter Associate,42581,2023-06-15,1993-08-21,1702 Sellers Viaduct,Dianastad,SD,19834,False,135.0,Jesse Scott,001-534-943-2228,,
EMP00176,Maria,Noble,employee176@thegoods.com,6272322044,1004.0,Grocery Department Lead,65189,2024-02-06,1990-04-12,5344 Long Ferry,South Sydney,MH,79720,False,135.0,Kathryn Snyder,624.533.4772x0484,,
EMP00177,Tracy,Reyes,employee177@thegoods.com,(682)455-9948,1004.0,Cashier,48747,2025-01-25,1995-04-21,9655 Hamilton Roads Suite 130,New Laurenmouth,CO,07459,False,135.0,Daniel Saunders,+1-716-893-1824x4649,2025-05-25,Retired
EMP00178,Elizabeth,Cook,employee178@thegoods.com,001-260-820-7624x513,1004.0,Stock Clerk,47240,2020-07-05,1964-10-23,3485 Trujillo Trafficway,Vickiport,CA,73476,False,135.0,Edward Graham,+1-749-953-7057x54941,,
EMP00179,Caitlyn,Peterson,employee179@thegoods.com,9228295185,1004.0,Grocery Department Lead,55848,2019-11-25,1984-02-27,5508 Kyle Circle,Hendersonshire,DE,49151,False,135.0,Julian Mcmahon,8489690802,,
EMP00180,Douglas,Scott,employee180@thegoods.com,6939427497,1004.0,Produce Specialist,50190,2023-04-09,1974-11-06,155 Leslie Ferry,Christinabury,WA,64654,False,135.0,Kyle Pratt,001-920-743-0160x4263,,
EMP00181,Danielle,Doyle,employee181@thegoods.com,001-229-784-6858x576,1005.0,Beauty & Personal Care Manager,75719,2020-06-07,1964-12-24,5997 Dawson Street Apt. 918,New Jonathanstad,KY,66134,True,2.0,Danielle Barber DVM,001-518-293-5805,,
EMP00182,Lisa,Taylor,employee182@thegoods.com,4543260244,1005.0,Beauty Consultant,50721,2020-12-28,1963-11-29,496 Jessica Greens,Lake Lauren,MT,73853,False,181.0,Miranda Weaver,7707134223,,
EMP00183,Joshua,Mooney,employee183@thegoods.com,001-305-371-0620x8020,1005.0,Makeup Artist,45132,2023-05-29,2002-03-28,25886 Kelly Shoal Suite 022,Bradleyburgh,TX,04590,False,181.0,Luis Shaw,726-417-2827x02612,,
EMP00184,Beverly,Beasley,employee184@thegoods.com,3402271830,1005.0,Makeup Artist,39067,2023-08-01,1961-10-28,525 Williams Branch Apt. 518,West Julie,NM,50875,False,181.0,Diane Evans,897.892.6911x61646,2024-10-29,Retired
EMP00185,Ryan,Walker,employee185@thegoods.com,001-618-782-9787x682,1005.0,Personal Care Specialist,58389,2019-03-06,1984-05-20,516 Barron Meadow Apt. 575,Heatherport,MA,23175,False,181.0,Ronald Huerta,668-933-1421,,
EMP00186,John,Holmes,employee186@thegoods.com,427.905.5440,1005.0,Beauty Consultant,55662,2018-11-13,2004-10-28,43205 Anthony Summit,Lynchtown,SD,34689,False,181.0,Janice Short,+1-461-736-7634x85285,,
EMP00187,Adrian,Horton,employee187@thegoods.com,720-713-2796,1005.0,Personal Care Specialist,47296,2024-05-22,1996-06-11,2117 Russo Plaza Apt. 028,Port Brianshire,IL,79747,False,181.0,David Gray,001-916-570-2149x290,,
EMP00188,Craig,Murray,employee188@thegoods.com,+1-225-602-1098x59306,1005.0,Beauty Department Lead,59772,2019-08-26,1968-11-23,135 Krista Tunnel,Tonyaland,TX,85566,False,181.0,Kayla Ayers,527.842.9331x7561,2025-05-09,Contract ended
EMP00189,Daniel,Vargas,employee189@thegoods.com,(795)954-9178x0885,1005.0,Makeup Artist,39852,2024-04-14,1978-04-20,62531 Adams Rue Apt. 373,North Jennifer,MN,94008,False,181.0,Julia Merritt,229-786-0377,2024-08-01,Terminated
EMP00190,Jeffery,Miller,employee190@thegoods.com,+1-902-477-7217x8872,1005.0,Beauty Consultant,56253,2019-12-30,1996-04-06,03123 Harrell Passage Apt. 662,Jeremyfurt,NM,15279,False,181.0,Christine Thomas,795.430.2155,,
EMP00191,Rebecca,Tyler,employee191@thegoods.com,+1-931-459-1051x8507,1005.0,Personal Care Specialist,54848,2018-09-10,1967-04-24,89188 Smith Path,Brandonton,IN,69628,False,181.0,Lorraine Garcia,001-632-803-6096x0337,,
EMP00192,Veronica,Morales,employee192@thegoods.com,6728807934,1005.0,Fragrance Expert,47380,2024-05-02,1988-07-05,910 Jason Ports,South Bianca,MP,84045,False,181.0,Megan Leblanc,6444600791,2024-07-28,Layoff
EMP00193,Jennifer,Moore,employee193@thegoods.com,(273)704-9978,1005.0,Cosmetics Specialist,53932,2022-05-25,1974-12-12,44301 Rachel Road,Tuckerstad,FM,14282,False,181.0,Benjamin Wells,553.954.2365,,
EMP00194,Amanda,Lawson,employee194@thegoods.com,(682)764-2491,1005.0,Personal Care Specialist,53510,2020-03-23,2000-07-14,89465 King Mill Apt. 989,Lake Alexis,NE,16086,False,181.0,Tiffany Cantu,(242)962-8115,,
EMP00195,Amanda,Colon,employee195@thegoods.com,721.571.1467,1005.0,Personal Care Specialist,54509,2018-05-28,2005-12-12,7055 Mclaughlin Ville,West Johntown,FL,58542,False,181.0,Jeanne Valdez,+1-491-282-4404x28324,,
EMP00196,Mark,Miller,employee196@thegoods.com,542.397.9676x42633,1005.0,Beauty Department Lead,57211,2017-10-09,1969-02-26,2127 Miller Wells Suite 055,South Samanthaberg,WA,79797,False,181.0,Thomas Hernandez,361-969-3496,,
EMP00197,Randy,Kelley,employee197@thegoods.com,+1-682-807-9520x7570,1005.0,Cosmetics Specialist,45121,2024-06-18,1972-08-22,715 Katherine Fields,Butlerville,NM,36918,False,181.0,Ashley Robbins,(974)531-2182x72596,,
EMP00198,Elizabeth,Stewart,employee198@thegoods.com,717.884.1647,1005.0,Cosmetics Specialist,54052,2025-03-23,1960-07-22,7541 Gibson Meadow,Lake Joseberg,OH,24562,False,181.0,Chad Payne,7975886223,,
EMP00199,Jessica,Hernandez,employee199@thegoods.com,428.768.7973,1005.0,Skincare Advisor,40367,2024-04-14,1986-09-15,99394 Kelly Landing Apt. 443,Lake Zachary,WI,13552,False,181.0,Megan Montgomery,(617)779-0171x548,2024-05-06,Layoff
EMP00200,Sarah,Cruz,employee200@thegoods.com,960.676.8263,1005.0,Beauty Consultant,50249,2019-06-10,2004-10-11,8596 Gutierrez Union,Port Wendy,MA,63927,False,181.0,Donna Carr,(565)246-4398x9979,,
EMP00201,Sara,Brennan,employee201@thegoods.com,966-360-5226x124,1005.0,Beauty Consultant,54169,2023-04-28,1968-10-28,2064 Stephanie Port,New Deborahmouth,WA,02318,False,181.0,Justin Stewart,391.802.1140x91558,,
EMP00202,James,Robinson,employee202@thegoods.com,+1-997-904-9835x632,1005.0,Makeup Artist,39750,2021-05-11,1961-09-15,93288 Peterson Dam Suite 768,Baileyburgh,MO,35361,False,181.0,Timothy Frazier,001-397-852-5421x719,,
EMP00203,Jennifer,Glenn,employee203@thegoods.com,998-726-3494x59053,1005.0,Cosmetics Specialist,55692,2021-08-25,1997-02-18,904 Padilla Track Apt. 410,North Andreaside,NH,84959,False,181.0,Kenneth Smith,+1-747-313-7392x666,,
EMP00204,James,Kennedy,employee204@thegoods.com,6399473125,1005.0,Skincare Advisor,49496,2022-08-21,1961-08-20,49767 Brown Drives Suite 741,Mcguiremouth,IA,12338,False,181.0,Shelby Ward,478-682-5566x128,,
EMP00205,Abigail,Peters,employee205@thegoods.com,+1-672-674-0647x08870,1005.0,Skincare Advisor,46655,2017-11-01,1986-12-03,073 Lisa Neck Suite 879,Pamelaberg,WA,01881,False,181.0,Andre Williams,001-494-436-5960x75454,,
EMP00206,Michelle,Smith,employee206@thegoods.com,001-494-734-7296x93215,1005.0,Skincare Advisor,42316,2019-02-18,1986-12-21,70885 Daniels Station Apt. 882,Adamstown,TX,77787,False,181.0,Michael Watson,272-646-3303x4584,,
EMP00207,William,Arias,employee207@thegoods.com,966.364.7054,1005.0,Fragrance Expert,46113,2018-12-22,1997-07-15,30695 Steele Mountains Apt. 308,East Donnahaven,NJ,70109,False,181.0,Johnny Anderson,340-369-5351x717,,
EMP00208,David,Jones,employee208@thegoods.com,217.223.6132,1005.0,Skincare Advisor,42462,2021-11-15,1961-08-20,594 Alejandra Spurs,Kingstad,AK,29058,False,181.0,Jason Johnson,773.864.1402x269,,
EMP00209,Gregory,Smith,employee209@thegoods.com,684-561-8028x823,1005.0,Fragrance Expert,59317,2023-11-21,1982-04-03,18318 Zamora Squares,Edwardsbury,AZ,81921,False,181.0,Carol Riddle,6483681820,,
EMP00210,Kathleen,Fitzgerald,employee210@thegoods.com,(650)669-8321,1005.0,Personal Care Specialist,52010,2018-06-11,1976-12-22,863 Kyle Point Suite 041,West Davidchester,OR,44817,False,181.0,Leonard Mack,+1-211-924-6488,,
EMP00211,Molly,Greene,employee211@thegoods.com,5704773098,1005.0,Skincare Advisor,45521,2025-06-01,2003-12-27,82102 Michelle Keys,East Joseph,GU,69448,False,181.0,Bryan Mckinney,993-322-5717,2025-06-06,Terminated
EMP00212,Kevin,Wheeler,employee212@thegoods.com,973.220.3607x149,1005.0,Beauty Department Lead,65509,2017-10-13,1999-05-29,445 Fields Lodge Suite 631,Davidborough,TX,13663,False,181.0,Terri Williamson,222.239.4780,,
EMP00213,Rose,Patterson,employee213@thegoods.com,256-363-6856,1005.0,Beauty Consultant,56261,2020-04-05,1961-02-20,48290 Ward Lake Suite 326,Gonzalezstad,MT,20427,False,181.0,Nicole Ramos,(637)709-1442,,
EMP00214,Patty,Davis,employee214@thegoods.com,+1-460-849-6091x33077,1005.0,Skincare Advisor,46361,2024-01-17,1994-09-17,750 Howard Underpass,Lake Alyssa,GU,40132,False,181.0,Jacqueline Lowe,902.457.6998x58939,,
EMP00215,Katherine,Herrera,employee215@thegoods.com,(764)517-2885x51895,1005.0,Fragrance Expert,52732,2020-03-18,1988-02-22,3452 Margaret Pine Suite 214,Boothland,PW,94187,False,181.0,William Richardson,+1-479-842-2341x324,2023-10-29,Retired
EMP00216,Christina,Ryan,employee216@thegoods.com,001-536-751-9565x4560,1005.0,Beauty Department Lead,57509,2018-10-03,1978-10-30,739 Morton Green,South Sharonfurt,TN,82556,False,181.0,Gina Costa,879.849.1200x3258,,
EMP00217,Anthony,Miller,employee217@thegoods.com,001-498-570-9126x67173,1005.0,Personal Care Specialist,57875,2018-12-31,1969-04-14,30271 Davis Well Apt. 269,North Amyborough,WY,55596,False,181.0,James White,001-342-808-6002x19124,,
EMP00218,Veronica,Irwin,employee218@thegoods.com,396.988.2489x323,1005.0,Beauty Consultant,58659,2022-08-04,2006-04-17,487 Rodriguez Divide Apt. 314,Brooksport,TX,68308,False,181.0,Kelly Norton,674-973-8366,,
EMP00219,Lindsey,Escobar,employee219@thegoods.com,899-785-6472x553,1005.0,Beauty Consultant,54575,2018-05-06,1992-04-09,6059 Jake Path Apt. 516,Port Jeremytown,MT,71598,False,181.0,Courtney Robbins,+1-229-928-5034x1359,,
EMP00220,Michelle,Marshall,employee220@thegoods.com,(915)325-8621x700,1005.0,Skincare Advisor,42459,2023-05-30,1968-10-05,911 Marisa Tunnel,Lake Krystal,PA,71853,False,181.0,Amy Holland,427.234.5998x65989,,
EMP00221,Alexandria,White,employee221@thegoods.com,001-755-903-1630x73359,1005.0,Personal Care Specialist,46770,2021-10-27,2003-09-06,22537 May Path Suite 828,Lake Jose,CO,08622,False,181.0,Shannon Smith,910.715.6339x180,,
EMP00222,Tyler,James,employee222@thegoods.com,449-532-2933x074,1005.0,Personal Care Specialist,46595,2023-01-19,1966-08-04,04988 Robert Hills,Benjaminborough,FM,60926,False,181.0,Steven Lewis,(715)892-8224x96382,,
EMP00223,Cody,Burke,employee223@thegoods.com,375-754-1330,1005.0,Personal Care Specialist,56022,2022-03-29,1991-11-24,300 Billy Summit,Andreashire,VA,79040,False,181.0,Ashley Yates,734-624-9415x613,,
EMP00224,Nicholas,Hart,employee224@thegoods.com,438.675.6561x911,1005.0,Cosmetics Specialist,50480,2024-01-15,1990-07-19,0127 Susan Inlet,New Susanfort,MI,04391,False,181.0,Justin Nunez,738.817.4549,2024-04-16,Retired
EMP00225,Scott,Maddox,employee225@thegoods.com,+1-778-832-1867x33726,1005.0,Makeup Artist,44143,2021-03-10,1992-04-07,2004 Brown Lock,Michaelland,MD,09587,False,181.0,Michael Gallagher,(473)335-0214,,
EMP00226,Christopher,Wheeler,employee226@thegoods.com,+1-682-637-2242x823,1005.0,Beauty Department Lead,68702,2021-04-26,1994-11-20,071 Tina Stream,North Eric,MA,28558,False,181.0,Taylor Solis,523.924.8444x4051,2024-11-27,Layoff
EMP00227,Amber,Brown,employee227@thegoods.com,548-200-5725x29449,1006.0,Sports & Outdoors Manager,65953,2020-07-02,1993-11-27,32153 April Ways,Port Kristen,IA,20434,True,12.0,Angela Perry,262-964-5609,,
EMP00228,David,Davis,employee228@thegoods.com,438-947-0402,1006.0,Camping Equipment Expert,53377,2021-08-12,1972-01-04,03829 Henson Fork,Curtisland,MI,95371,False,227.0,Julia Stein,503.588.5772x603,,
EMP00229,Michele,Johnson,employee229@thegoods.com,259.499.9067,1006.0,Team Sports Consultant,51104,2023-12-14,1970-01-11,5081 Luke Isle,Port Dale,HI,17300,False,227.0,Jennifer Anderson,(311)598-6447,,
EMP00230,Joshua,Stone,employee230@thegoods.com,(791)568-6062,1006.0,Sports Department Lead,60403,2025-04-07,2007-03-06,81848 Fox Village,Porterfort,NH,10154,False,227.0,Seth Heath,+1-793-832-0762x57316,,
EMP00231,Edward,Morris,employee231@thegoods.com,+1-816-891-5820x91003,1006.0,Footwear Specialist,48485,2024-11-30,1981-11-20,082 Hall Overpass Suite 997,North Jade,FM,68729,False,227.0,Michelle Sullivan,948.658.6858x7325,,
EMP00232,Jerry,Medina,employee232@thegoods.com,323.841.4293x991,1006.0,Sports Department Lead,64386,2024-06-17,1994-06-28,11375 Campbell Plains Suite 206,Lawsonmouth,TN,22482,False,227.0,Douglas Hunt,282-369-5490,,
EMP00233,Anthony,Wilkerson,employee233@thegoods.com,901.521.9244x63302,1006.0,Fitness Consultant,54562,2025-05-01,1999-04-18,927 Williams Flats Apt. 921,East Alison,MP,80155,False,227.0,Stacy Cannon,(584)200-5156x39351,2025-05-10,Contract ended
EMP00234,Maria,Taylor,employee234@thegoods.com,7133303422,1006.0,Outdoor Gear Expert,52987,2022-04-08,1986-01-01,3256 Smith Ports,Jacquelineport,MT,92243,False,227.0,Rebecca Wang,001-355-769-9033x65453,,
EMP00235,John,Mcdonald,employee235@thegoods.com,856.243.2733x2999,1006.0,Sports Department Lead,57489,2021-04-07,1972-10-10,06112 Suzanne Motorway,West Kathleenfort,OK,55673,False,227.0,Allison Giles,433-972-4174x9097,,
EMP00236,Amy,Peck,employee236@thegoods.com,+1-916-642-0743x75177,1006.0,Camping Equipment Expert,54725,2020-09-26,2004-12-16,1081 Morgan Parkway,Hansenland,CA,75374,False,227.0,Stanley Woods,+1-777-753-1627x97066,2021-02-17,Terminated
EMP00237,Brian,Conner,employee237@thegoods.com,(589)826-2475,1006.0,Outdoor Gear Expert,59247,2023-09-22,2004-09-26,028 Ortiz Square Suite 554,Melissaville,AS,96677,False,227.0,Mr. Richard Richardson,798.821.5709,,
EMP00238,Rachel,Thornton,employee238@thegoods.com,(867)623-0855x443,1006.0,Team Sports Consultant,57955,2019-11-23,2005-10-06,4790 Paul Station,Weaverborough,NY,99810,False,227.0,Teresa Forbes,001-416-697-1576,,
EMP00239,Raymond,Wright,employee239@thegoods.com,951.286.2647,1006.0,Footwear Specialist,56991,2021-11-23,1987-01-05,676 Garcia Motorway,North Crystal,AK,22316,False,227.0,Scott Rodriguez,290.320.0145,,
EMP00240,Ryan,Campbell,employee240@thegoods.com,640-409-0372x2472,1006.0,Sports Department Lead,68238,2024-01-12,1998-06-30,56960 Brewer Circle,Port James,AR,04307,False,227.0,Keith Thompson,346.939.5556x42260,,
EMP00241,Tina,Murray,employee241@thegoods.com,6112908047,1006.0,Footwear Specialist,47043,2023-11-28,1976-06-24,488 Patricia Parkways Apt. 202,Martinhaven,MH,16533,False,227.0,Destiny Jordan,001-450-765-7313,2024-01-16,Retired
EMP00242,Anne,Baker,employee242@thegoods.com,(486)567-7190,1006.0,Sports Department Lead,69852,2020-06-10,2006-03-30,287 Amy Tunnel Suite 079,Traviston,MA,17910,False,227.0,Morgan Ford,+1-508-363-9277x6984,,
EMP00243,Justin,Williams,employee243@thegoods.com,+1-686-304-3668x99570,1006.0,Sports Department Lead,56167,2018-04-24,1964-07-02,56423 Victoria Lock Suite 219,Sanchezport,MO,89921,False,227.0,Nicole Rhodes,+1-875-598-6078,,
EMP00244,Linda,Jackson,employee244@thegoods.com,5579926824,1007.0,Toys & Games Manager,90208,2023-06-10,1988-11-23,0614 Molly Shoals,Port Sharon,CO,77464,True,10.0,Joanne Johnson,+1-374-365-2483x483,,
EMP00245,Nathan,Bray,employee245@thegoods.com,553-734-9569x2401,1007.0,Children's Entertainment Advisor,49068,2024-07-16,1988-03-28,6848 Jacqueline Street Suite 228,West Willie,LA,83864,False,244.0,Chelsey Walker,(398)325-9955,,
EMP00246,Joshua,Barry,employee246@thegoods.com,6689400067,1007.0,Game Specialist,46321,2025-01-26,1992-12-01,912 Margaret Coves,Port Danielchester,TX,97882,False,244.0,Sandra Lopez,001-905-256-4199x039,,
EMP00247,Stephanie,Mendoza,employee247@thegoods.com,001-904-792-2105x61219,1007.0,Collectibles Expert,55360,2023-05-13,2003-05-18,7078 Michael Ramp Suite 472,Coreyberg,UT,16363,False,244.0,Alicia Archer,+1-255-709-9070x1943,,
EMP00248,Amy,Wallace,employee248@thegoods.com,(534)841-5136x1240,1007.0,Game Specialist,52157,2022-06-21,2003-12-17,27827 Carly Cove,Simmonsburgh,PW,90147,False,244.0,Alexandra Barker,456.388.7955,,
EMP00249,Lori,Taylor,employee249@thegoods.com,+1-916-496-7083x238,1007.0,Collectibles Expert,56038,2017-09-15,1999-11-20,340 Christopher Mountains,West Shaneport,AZ,02093,False,244.0,Matthew Davis,6605326124,,
EMP00250,Shannon,Parker,employee250@thegoods.com,001-956-588-9682,1007.0,Toy Department Lead,62373,2019-03-26,2005-05-07,0724 White Isle Suite 989,Rosechester,DC,08248,False,244.0,Matthew Johnson,328.823.6083x5233,,
EMP00251,Tara,Vega,employee251@thegoods.com,370.528.7489x2823,1007.0,Video Game Specialist,54047,2018-07-20,1963-03-31,912 Bryan Roads Suite 533,Danielport,OR,49961,False,244.0,Sandra Weaver,+1-867-319-4714x3951,,
EMP00252,Tracy,Adams,employee252@thegoods.com,3535947723,1007.0,Game Specialist,59029,2022-08-20,1970-05-01,1434 Jordan Hollow,Simpsonland,MA,25088,False,244.0,Michelle Frye,001-203-934-1604x629,,
EMP00253,Matthew,Johnson,employee253@thegoods.com,001-242-375-5263x54057,1007.0,Toy Demonstrator,48028,2017-09-17,1994-04-21,3249 Rhonda Road,Jacquelinemouth,NH,11844,False,244.0,Jeff Jenkins,001-691-849-8250,,
EMP00254,Richard,Mendoza,employee254@thegoods.com,727.814.7118,1007.0,Educational Toy Consultant,48987,2018-01-29,1970-12-29,9066 James Falls,Port Davidshire,OH,68360,False,244.0,David Walsh,835.516.1234x61192,2019-08-05,Layoff
EMP00255,Benjamin,Williams,employee255@thegoods.com,(358)822-8300x94634,1007.0,Children's Entertainment Advisor,40662,2023-07-07,2004-10-04,9616 Joseph Track Apt. 889,North George,AK,26894,False,244.0,Alexandria Bush,+1-673-463-6567x56965,,
EMP00256,Sarah,Murphy,employee256@thegoods.com,(827)950-4465,1007.0,Educational Toy Consultant,57587,2017-09-11,1961-01-20,99885 Gilbert Shores Apt. 658,Brittanyview,LA,15341,False,244.0,Ryan Gray,(225)573-4998x503,,
EMP00257,Donald,Adams,employee257@thegoods.com,001-690-509-1542x218,1007.0,Game Specialist,50057,2021-06-22,1992-09-11,07487 Sweeney Underpass,Jacobtown,DE,07740,False,244.0,Tina Banks,001-402-257-3597,,
EMP00258,Phillip,Wallace,employee258@thegoods.com,(449)932-5164x99874,1007.0,Collectibles Expert,48212,2019-11-10,1990-08-01,89723 Holmes Port,South Ryanstad,MD,19782,False,244.0,Justin Ward,203.646.8673,,
EMP00259,Brian,Hopkins,employee259@thegoods.com,9954365673,1007.0,Game Specialist,53437,2024-02-25,1988-06-10,8761 Kayla Tunnel,Josephport,DC,48720,False,244.0,David Smith,(786)990-8877,,
EMP00260,Tony,Mcmillan,employee260@thegoods.com,001-544-763-4285,1007.0,Video Game Specialist,47513,2021-09-11,1982-01-23,06652 Perez Station Suite 552,Port Brettland,MH,65879,False,244.0,Lauren Burnett,(967)915-6307x5925,,
EMP00261,Samantha,James,employee261@thegoods.com,+1-900-402-7313,1007.0,Toy Department Lead,60241,2021-03-09,1996-03-04,25585 Montgomery Dam Suite 234,East Madisonland,DE,79399,False,244.0,Vickie Morales,969.677.9447,,
EMP00262,Francisco,Cobb,employee262@thegoods.com,8504318273,1007.0,Educational Toy Consultant,51433,2023-12-14,1964-07-11,677 Kristin Pine,Fostershire,WV,36797,False,244.0,David Arnold,001-702-483-9278x1789,,
EMP00263,Willie,Nolan,employee263@thegoods.com,001-903-300-4512,1007.0,Educational Toy Consultant,45558,2021-03-21,2003-09-05,716 John Camp Apt. 811,Lake Seanstad,MI,22755,False,244.0,Kayla Richardson,527-610-5388,,
EMP00264,Erica,Griffin,employee264@thegoods.com,+1-878-694-1567x97808,1007.0,Children's Entertainment Advisor,47073,2023-07-06,1981-10-15,9967 Karen Gateway,West Theresa,VI,85743,False,244.0,John Hudson,671.902.0378x6411,2024-01-12,Resigned
EMP00265,Anna,Gonzalez,employee265@thegoods.com,968.348.7863x82469,1007.0,Video Game Specialist,50903,2018-01-24,1989-08-28,1312 Schultz Mountains Apt. 152,West Cathytown,KY,25604,False,244.0,Margaret Singh MD,451-763-9451,,
EMP00266,Anne,Jones,employee266@thegoods.com,001-408-698-1791x15987,1007.0,Educational Toy Consultant,55774,2023-01-07,2005-08-16,3067 Jones Overpass,East Joehaven,OH,80656,False,244.0,Daniel Gentry,+1-697-596-8878x9972,,
EMP00267,David,Steele,employee267@thegoods.com,001-236-975-2356x371,1007.0,Video Game Specialist,57348,2024-01-20,1968-08-07,613 Amanda Divide Suite 719,Meganstad,IL,06365,False,244.0,Tracey Tate,621.587.1634x578,,
EMP00268,Laurie,Christensen,employee268@thegoods.com,913-553-1234x6929,1007.0,Toy Demonstrator,43367,2021-12-26,1980-09-12,24710 Brandon Fork,Lake Maria,IN,11455,False,244.0,Kevin Cole,+1-674-445-2769x662,,
EMP00269,James,Graham,employee269@thegoods.com,878.983.1306,1007.0,Children's Entertainment Advisor,38870,2021-07-05,1964-05-14,786 Wiley Village,East Anna,WV,94555,False,244.0,Michael Collier,+1-354-682-7395x48166,,
EMP00270,Rebecca,Flowers,employee270@thegoods.com,408-629-6829,1007.0,Collectibles Expert,50144,2021-12-12,1990-08-01,094 Hernandez Junctions Suite 632,Dylanhaven,VT,90132,False,244.0,Holly Finley,(612)240-2381,,
EMP00271,Laurie,Leach,employee271@thegoods.com,+1-809-287-3133x125,1008.0,Automotive Manager,87432,2021-09-21,1982-08-27,489 Robert Junctions,Nathanstad,MH,62141,True,11.0,Trevor Norman,527.885.3987x457,,
EMP00272,John,Taylor,employee272@thegoods.com,(340)218-1012x9002,1008.0,Car Accessories Specialist,46745,2019-07-30,1980-10-18,366 Tracey Avenue Suite 109,East Jessica,AS,21906,False,271.0,Michael Anderson,(552)502-9813x528,,
EMP00273,Derek,Navarro,employee273@thegoods.com,878-267-9630x23598,1008.0,Automotive Specialist,52878,2021-08-05,1962-03-07,46835 Jennifer Ways,Lake Matthewmouth,MT,47569,False,271.0,Timothy Owen,735.270.1916,,
EMP00274,Carol,Suarez,employee274@thegoods.com,4659152701,1008.0,DIY Project Consultant,58110,2021-12-13,1972-09-09,96764 Joseph Station,Kevinfort,MT,65114,False,271.0,Chris Copeland,878-322-1325x8807,,
EMP00275,Brenda,Anderson,employee275@thegoods.com,906.453.6612x1123,1008.0,DIY Project Consultant,46746,2022-11-21,1983-07-28,8022 Jennifer Junction,Bakerport,WV,35610,False,271.0,Cameron Roberts,738-442-8833x511,,
EMP00276,Alan,Scott,employee276@thegoods.com,001-552-485-9234x463,1008.0,Car Accessories Specialist,53513,2021-03-31,1963-10-24,470 Monica Cliffs,Boothbury,MH,75027,False,271.0,Robert Branch,001-790-810-7623x785,,
EMP00277,George,Pearson,employee277@thegoods.com,+1-801-567-4302x1206,1008.0,Automotive Specialist,50694,2021-02-17,1967-08-12,3958 Palmer Drives Suite 464,East Paulbury,AK,44756,False,271.0,Katie Robinson,(582)833-1777,,
EMP00278,Karen,May,employee278@thegoods.com,735.946.8175,1008.0,DIY Project Consultant,57895,2023-05-21,2004-01-17,780 Gray Shoal Suite 609,Curtisside,VA,46893,False,271.0,Allison Wood,(738)262-3388x41017,,
EMP00279,Joshua,Shannon,employee279@thegoods.com,(766)703-5623x802,1008.0,Tool Advisor,42441,2024-12-10,1977-04-15,9463 Elizabeth Key,West Donnamouth,ME,60128,False,271.0,Marissa Spence,656.319.0424x462,,
EMP00280,Jennifer,Jimenez,employee280@thegoods.com,001-874-289-9583,1008.0,Automotive Specialist,59558,2020-11-06,1997-04-03,182 Mary Plains,West Aprilstad,AZ,55990,False,271.0,Justin Riley,(434)440-6088x24792,,
EMP00281,Tyler,Marsh,employee281@thegoods.com,001-209-791-7922x93989,1008.0,Car Accessories Specialist,50588,2022-05-08,1997-04-21,27777 Michael Shore Apt. 371,Port Ericafurt,FL,40834,False,271.0,Kaitlyn Russell,290-353-4975x74451,,
EMP00282,Michael,Grant,employee282@thegoods.com,255-345-6232x17914,1008.0,Automotive Department Lead,56527,2022-06-29,1999-03-22,3571 Jones Bridge Apt. 972,Glasston,MP,18022,False,271.0,Heather Peterson,669-372-6142x4483,2024-08-31,Retired
EMP00283,Troy,Robinson,employee283@thegoods.com,+1-896-712-6944,1008.0,Tool Advisor,44799,2020-05-07,2003-11-10,73723 Anderson Fort Apt. 389,West Riley,OH,33618,False,271.0,Roberto Love,776.682.8742,,
EMP00284,Rebekah,Mcgee,employee284@thegoods.com,001-618-915-8084,1008.0,Automotive Department Lead,61404,2019-01-12,1979-11-21,273 Anderson Plaza Suite 359,East Daniel,MT,76138,False,271.0,Mrs. Katherine Ortega,+1-836-414-3269x9537,,
EMP00285,Cheryl,Sutton,employee285@thegoods.com,+1-541-322-9547x034,1008.0,Car Accessories Specialist,50931,2019-10-09,1987-08-17,4992 Nichole Motorway,Kimberlyview,MI,80612,False,271.0,Tracy Foster,392.911.2196,,
EMP00286,Nancy,Calderon,employee286@thegoods.com,4104292718,1008.0,Tool Advisor,48928,2018-12-10,2005-08-08,446 Cooper Oval,Anthonyview,MO,09874,False,271.0,Tara Martinez,814.911.6739x6450,,
EMP00287,Christopher,Parker,employee287@thegoods.com,(211)577-6969x3911,1008.0,DIY Project Consultant,56222,2024-02-19,1992-08-04,395 Stephen Streets Suite 741,North Jennifer,WI,47427,False,271.0,Dennis King,324-538-3739x007,,
EMP00288,Logan,Hogan,employee288@thegoods.com,001-610-861-8355,1008.0,Automotive Department Lead,68150,2020-10-13,2001-03-13,7107 Lisa Track Suite 955,North Shawnmouth,VT,33896,False,271.0,Jacqueline Bradford,(978)892-9214,,
EMP00289,April,Stanley,employee289@thegoods.com,001-292-642-8031,1008.0,Automotive Department Lead,60907,2018-06-25,1997-07-21,5926 Hudson Forge,Bowmanhaven,ND,68932,False,271.0,Kristin Barron,001-328-718-8966x727,,
EMP00290,Elizabeth,Blankenship,employee290@thegoods.com,001-314-863-5808x057,1008.0,Tool Advisor,48129,2023-12-05,1969-04-30,829 Charles Loaf,West Jenna,ND,03332,False,271.0,Patricia Davis,903.786.5030x66655,,
EMP00291,Sarah,Mccarthy,employee291@thegoods.com,(838)814-9006,1008.0,Car Parts Expert,55857,2018-03-23,1971-01-22,58160 Shirley Fords,Pageshire,SC,76770,False,271.0,Wayne Dougherty,695-422-2498x679,,
EMP00292,Michael,Wagner,employee292@thegoods.com,001-527-975-1309,1008.0,Tool Advisor,40175,2018-07-29,2005-05-11,729 Jennifer Hills,Port Hunterberg,NE,66995,False,271.0,Bryan Lara,001-335-550-6665x4079,,
EMP00293,Maria,Sampson,employee293@thegoods.com,5577113272,1008.0,Car Accessories Specialist,46675,2023-08-08,2003-04-08,57832 Kathleen Street Suite 844,Lauriefurt,MD,43092,False,271.0,Raymond Lee,(205)473-7194,,
EMP00294,Nancy,Rodriguez,employee294@thegoods.com,477.419.1016x4608,1008.0,Car Parts Expert,48023,2023-06-06,2005-03-20,927 Rebecca Knoll,Rogersstad,HI,80442,False,271.0,Paul White,(373)330-2293x08485,,
EMP00295,Anthony,Black,employee295@thegoods.com,562.416.4942x02781,1008.0,Tool Advisor,46361,2018-02-01,1975-01-09,8531 Khan Meadow Apt. 155,Freemanland,OR,17958,False,271.0,Angela Green,241-971-5443x9618,,
EMP00296,James,Edwards,employee296@thegoods.com,749.393.7269,1008.0,Car Accessories Specialist,55587,2023-01-22,2007-05-29,20585 Kathryn Overpass,Kyliehaven,MN,68039,False,271.0,Joseph Sherman,364.623.3693x909,,
EMP00297,Harold,Smith,employee297@thegoods.com,4913257378,1008.0,DIY Project Consultant,51423,2023-03-26,1961-08-17,3380 Cruz Crossroad Suite 670,Juliestad,ID,39108,False,271.0,David Ross,7269715345,2024-12-19,Retired
EMP00298,Joseph,Phillips,employee298@thegoods.com,299-927-1108x379,1008.0,Car Parts Expert,53989,2024-11-29,2006-09-14,1865 Ellis Plaza,Meganport,TN,68657,False,271.0,Monica Ewing,+1-825-239-0532x15963,,
EMP00299,Aaron,Reeves,employee299@thegoods.com,351-771-9494x5283,1008.0,Automotive Department Lead,58570,2023-10-20,1970-06-05,960 Tiffany Bypass,Glennberg,HI,58118,False,271.0,Christina Lang,001-458-475-6744x363,,
EMP00300,Janice,Walker,employee300@thegoods.com,001-746-977-8173x226,1008.0,Car Accessories Specialist,45979,2023-11-22,1963-05-02,1873 Goodman Spurs,Odommouth,NY,40727,False,271.0,Ernest Murray,243.362.0171x11423,,
EMP00301,Jennifer,Rowe,employee301@thegoods.com,226.403.4631x789,1008.0,Car Parts Expert,48289,2021-11-23,1971-05-03,96369 Franklin Stream Suite 870,North Oliviaview,MA,27034,False,271.0,Kiara Anderson,397-840-2823,2025-03-27,Layoff
EMP00302,Jeffrey,Sampson,employee302@thegoods.com,001-301-281-8102,1008.0,Automotive Specialist,55321,2019-06-05,1976-03-19,3812 Megan Heights,Garrettmouth,AS,79464,False,271.0,Ronald Murphy,266.754.5521,,
EMP00303,Matthew,Nicholson,employee303@thegoods.com,263.348.7183x29506,1008.0,DIY Project Consultant,48227,2024-07-19,2001-11-17,984 Thompson Walks,Perryside,VT,70786,False,271.0,Dennis Montoya,343.641.8424x3504,,
EMP00304,Jesse,Sutton,employee304@thegoods.com,431.785.9249x34737,1008.0,Automotive Specialist,58356,2021-10-18,1996-11-18,3063 Cox Station Suite 190,South Jimmyport,GA,93728,False,271.0,John Jacobs,426.625.7622x978,,
EMP00305,Lisa,Pierce,employee305@thegoods.com,855-737-2420x0929,1008.0,Automotive Department Lead,69691,2021-07-18,1966-12-03,0771 Matthew Island,East Sydney,OR,92136,False,271.0,James Coffey,(991)565-4349x670,2023-07-09,Retired
EMP00306,Ashley,Barnett,employee306@thegoods.com,001-428-211-0180x13805,1008.0,Car Accessories Specialist,49743,2019-02-01,1979-05-23,2434 Johnson Walks Apt. 217,Thompsonmouth,LA,39767,False,271.0,Dr. Oscar Taylor,(443)991-1722x83751,,
EMP00307,Pamela,Rice,employee307@thegoods.com,+1-859-938-9787x261,1008.0,Tool Advisor,43025,2017-07-04,1995-01-13,687 Mcdowell Greens,North Zacharyfort,MO,22392,False,271.0,Mary Berry,897-591-6171x027,,
EMP00308,Alexis,Morton,employee308@thegoods.com,357-330-4523,1008.0,Car Accessories Specialist,57922,2024-09-03,1969-02-01,757 Ortiz Overpass,Grayport,FL,08529,False,271.0,Kimberly Gray,350-270-7318x1442,,
EMP00309,Aaron,Navarro,employee309@thegoods.com,+1-716-474-4361x9353,1008.0,Car Parts Expert,57257,2018-09-18,1973-08-21,588 Heather Pike Apt. 352,Richardview,NV,05850,False,271.0,Michael Weiss,302.253.8369x779,,
EMP00310,Sarah,Stanley,employee310@thegoods.com,(708)396-9582,1008.0,Car Accessories Specialist,59563,2022-03-24,1982-02-01,145 Rollins Turnpike Apt. 534,Smithside,VA,87177,False,271.0,Spencer Edwards,461.637.7534,,
EMP00311,Christina,Miller,employee311@thegoods.com,(636)785-8643x311,1008.0,Automotive Specialist,52906,2020-04-03,1997-06-08,207 Brown Underpass,New Michael,SD,36682,False,271.0,David Davis,5982414548,,
EMP00312,Amber,Brown,employee312@thegoods.com,(855)912-8121x84076,1008.0,Automotive Specialist,54996,2023-05-12,1971-06-04,9078 Kevin Fields,Ponceville,PW,53253,False,271.0,Jeffery Paul,402.658.3668,,
EMP00313,Sherry,Humphrey,employee313@thegoods.com,001-983-846-6117x4953,1008.0,Automotive Department Lead,64135,2017-11-22,1981-07-27,644 Jerry Squares Apt. 547,Oscarside,AK,03218,False,271.0,Danny Harrison,(224)414-1981,,
EMP00314,Trevor,Nichols,employee314@thegoods.com,437-933-5020x67238,1008.0,Car Parts Expert,50672,2019-12-16,1984-10-29,9676 Miller Port Apt. 864,Meyerhaven,TX,84956,False,271.0,Dr. William Hunter,(694)365-7602,,
EMP00315,Paula,Ortiz,employee315@thegoods.com,6252968166,1008.0,Tool Advisor,48916,2025-02-06,1963-04-26,909 Darius Forges Apt. 287,East Eugene,AR,56370,False,271.0,Mariah Barrett,001-314-567-0312x869,,
EMP00316,David,Reilly,employee316@thegoods.com,001-452-352-8438x6322,1009.0,Books & Media Manager,91670,2021-05-31,1994-06-05,507 Murray Plaza,West Timothyshire,SD,78044,True,9.0,Christopher Bennett,(488)879-7053,,
EMP00317,Kelli,Cruz,employee317@thegoods.com,890.416.8618x147,1009.0,Bookseller,41530,2023-08-24,1965-12-11,7119 Anderson Turnpike,Baileyborough,AK,51932,False,316.0,Sharon Wise,+1-454-947-5568x254,,
EMP00318,Todd,Gillespie,employee318@thegoods.com,+1-255-316-8770,1009.0,Educational Materials Consultant,50146,2022-10-22,1998-03-10,456 Mcmillan Path Apt. 356,Rojasville,CA,45822,False,316.0,Shawn Stewart,934.522.2538x6181,,
EMP00319,Rebecca,Williams,employee319@thegoods.com,001-902-306-8183x69124,1009.0,Music Department Associate,46119,2018-06-01,1991-07-31,88724 Katherine Turnpike Apt. 243,West Adam,MA,05276,False,316.0,Deborah Miller,980.481.8137,,
EMP00320,Sydney,Burton,employee320@thegoods.com,774-322-6548,1009.0,Magazine Specialist,52330,2024-12-17,2000-04-11,21133 Sosa Mission,West Sherichester,TX,52539,False,316.0,Thomas Edwards,948.975.5355,,
EMP00321,Jessica,Richards,employee321@thegoods.com,923.686.6429,1009.0,Literary Expert,45452,2022-07-01,1989-09-05,4175 Samantha Summit,Castanedamouth,MN,29277,False,316.0,Tyler Vincent,001-902-773-5810x79024,,
EMP00322,Megan,Burton,employee322@thegoods.com,7777021474,1009.0,Media Specialist,54995,2020-09-18,1999-11-26,482 Lauren Shoals,Duranshire,IN,16612,False,316.0,Tracy Wade,954.831.7067x836,,
EMP00323,Erin,Armstrong,employee323@thegoods.com,279.292.8630x82539,1009.0,Magazine Specialist,55296,2024-06-28,1976-04-16,67040 Garrison Divide,Port Frank,AR,86745,False,316.0,Sierra Kirk,(860)564-0646x27886,,
EMP00324,Adam,Gonzalez,employee324@thegoods.com,875.987.8077,1009.0,Music Department Associate,45980,2021-07-27,1980-07-31,313 Drew Overpass Suite 529,Holderhaven,TN,81285,False,316.0,Leah Wagner,001-761-613-9554x340,,
EMP00325,Emily,Morales,employee325@thegoods.com,+1-425-958-0817x86977,1009.0,Literary Expert,52197,2024-07-02,1996-03-30,51103 Haas Knolls Apt. 995,West Walter,AR,03929,False,316.0,Shari Hamilton,380-809-8633,,
EMP00326,Tammy,Harvey,employee326@thegoods.com,735.901.0380x061,1009.0,Magazine Specialist,58271,2020-07-24,1969-01-01,244 Tamara Point,East Joshua,HI,20426,False,316.0,Edward Miller,+1-951-351-5285x4895,,
EMP00327,Teresa,Calhoun,employee327@thegoods.com,+1-590-621-3868x6118,1009.0,Books Department Lead,57043,2018-02-25,1994-02-17,2712 Juan Heights Apt. 827,Patrickhaven,DE,56077,False,316.0,Elizabeth Clark,530.290.0906x2991,,
EMP00328,Alexander,Barry,employee328@thegoods.com,5632314767,1009.0,Media Specialist,57136,2019-07-08,1961-10-23,4619 Lawrence Square,Jasonton,NC,82050,False,316.0,Zachary Owens,(531)894-5236x2190,,
EMP00329,Paul,Rogers,employee329@thegoods.com,884.441.2632,1009.0,Media Specialist,50387,2018-01-15,1970-07-07,45962 Harris Land Apt. 522,Warnerview,VI,69518,False,316.0,Kari Foster,001-309-965-4592x54495,,
EMP00330,Kenneth,Case,employee330@thegoods.com,001-293-727-3848x87610,1009.0,Magazine Specialist,45615,2025-06-08,1989-05-05,0690 Delgado Forest,Lake Christinaberg,PW,67346,False,316.0,Timothy Hernandez,5828064602,,
EMP00331,Todd,Jenkins,employee331@thegoods.com,001-815-880-4393x9881,1009.0,Literary Expert,50468,2021-08-01,1981-12-27,4643 Tristan Falls,South Eileenton,PW,25058,False,316.0,Brooke Stevens,798.509.9889,,
EMP00332,Kyle,Marquez,employee332@thegoods.com,(693)804-5105x8378,1009.0,Magazine Specialist,59711,2021-04-11,1961-05-25,2518 Wong Ridge Apt. 550,Ruizside,KS,30280,False,316.0,Wendy Wood,001-709-418-1498x35026,,
EMP00333,Monica,Armstrong,employee333@thegoods.com,3592730777,1009.0,Media Specialist,49741,2024-07-01,1984-12-24,05754 Andrew Flats,South Sheenafurt,FL,10585,False,316.0,Rebecca Harris,(638)516-5142,,
EMP00334,Joshua,Mccall,employee334@thegoods.com,(592)584-0645,1009.0,Media Specialist,53419,2018-08-15,1985-08-21,47994 Carrie Flats Suite 718,New Nathan,IA,18702,False,316.0,Richard Norton,+1-251-921-5487x897,,
EMP00335,Marissa,Freeman,employee335@thegoods.com,209-406-1435x631,1009.0,Media Specialist,50099,2019-12-08,1970-10-03,15082 Becker Ways,Lucasville,ME,10782,False,316.0,Ian Mcbride,001-757-988-4145x74735,,
EMP00336,Darlene,Jimenez,employee336@thegoods.com,316.334.4779x8733,1009.0,Bookseller,39092,2021-09-03,1986-12-29,5304 Gonzalez Village Apt. 747,East Charlesborough,OR,54459,False,316.0,Sarah Miller,+1-928-227-9307x50475,,
EMP00337,Danielle,Torres,employee337@thegoods.com,741-774-5011,1009.0,Educational Materials Consultant,57669,2023-09-09,1995-12-15,85719 Flores Corners,Adamsmouth,ND,43271,False,316.0,Kimberly Turner,739-676-2108x974,2025-03-26,Retired
EMP00338,Vincent,Bray,employee338@thegoods.com,881-939-5190x4771,1009.0,Bookseller,48650,2018-10-12,1970-04-27,626 Jeremiah Route Apt. 415,East Lisaton,CO,61164,False,316.0,Melvin Murray,764.212.5418,,
EMP00339,Daniel,Klein,employee339@thegoods.com,587-773-9786x517,1009.0,Literary Expert,54942,2021-08-15,2003-12-24,2747 Tiffany Harbors,Murphyland,SC,60435,False,316.0,Samuel Walsh,315.478.7293x060,,
EMP00340,Natalie,Wagner,employee340@thegoods.com,001-963-955-3258,1009.0,Literary Expert,50012,2017-08-01,1960-02-26,12446 Garcia Manors,Lake Omarview,MA,75012,False,316.0,Daniel Barber,941.639.9145x4228,,
EMP00341,Jonathan,Morales,employee341@thegoods.com,(896)211-7139,1009.0,Media Specialist,53065,2019-02-17,2003-03-28,921 Patterson Drives,Lake Mackenzie,PW,36938,False,316.0,Thomas Watson,938.768.0561x0621,,
EMP00342,Ronald,Fritz,employee342@thegoods.com,938.833.1246,1009.0,Literary Expert,58814,2020-10-16,1999-08-18,379 Kristin Shores Suite 384,Davidfurt,PA,72757,False,316.0,Christine Anderson,+1-712-549-5432x99032,,
EMP00343,Larry,Walker,employee343@thegoods.com,205.615.8952x77834,1009.0,Bookseller,43888,2020-10-22,2000-06-02,5046 Willie Squares Apt. 326,Herreraside,MS,51815,False,316.0,Bradley Moore,817.876.7466x2035,,
EMP00344,Joseph,Koch,employee344@thegoods.com,+1-478-895-5004x796,1010.0,Jewelry Manager,68133,2015-12-08,1968-07-30,976 Danielle Rue Apt. 968,New Rachelberg,ND,09257,True,9.0,Jerry Rodriguez,+1-468-421-5658x8680,,
EMP00345,Jeremy,Kennedy,employee345@thegoods.com,941-813-6317,1010.0,Jewelry Repair Technician,39788,2024-10-09,1968-02-09,18357 Chung Trail Suite 087,North Jordantown,VI,54165,False,344.0,Heather Rocha,669-357-5552x6666,,
EMP00346,Sheila,Howard,employee346@thegoods.com,6997190798,1010.0,Fine Jewelry Expert,46254,2020-01-24,1989-12-20,3881 Johnny Cape Apt. 956,Lake Lauren,SC,74295,False,344.0,Dennis Rivera,(821)878-4151,,
EMP00347,Cody,Lindsey,employee347@thegoods.com,(396)931-3643x962,1010.0,Jewelry Department Lead,58733,2024-05-31,1977-08-29,93272 Horton Landing,West Jenniferberg,CT,33848,False,344.0,Jeremiah Brown,696.455.2086x20766,,
EMP00348,Sean,Smith,employee348@thegoods.com,8184894757,1010.0,Jewelry Department Lead,69673,2024-11-30,1962-06-19,163 Johnson Avenue,Martinezside,NE,73094,False,344.0,Jessica Cantu,709-399-7570x618,,
EMP00349,Walter,Li,employee349@thegoods.com,(304)637-8815,1010.0,Fine Jewelry Expert,45118,2020-06-20,1962-07-21,826 Thomas Lake,Howardchester,PA,05192,False,344.0,Michael Gonzalez,001-344-980-4873x4057,,
EMP00350,Alexandra,Peterson,employee350@thegoods.com,739-246-3431x52082,1010.0,Jewelry Consultant,48303,2022-05-15,1990-04-04,825 Kim Summit,New Christopher,MO,60172,False,344.0,Sara Figueroa,696.664.1001x283,,
EMP00351,Sheila,Brown,employee351@thegoods.com,931.908.3708x9053,1010.0,Jewelry Repair Technician,46051,2024-11-28,1989-05-14,96528 Collins Heights Apt. 649,Richchester,ND,80281,False,344.0,Kevin Proctor,7322384819,,
EMP00352,Corey,Richardson,employee352@thegoods.com,+1-296-593-5419x8932,1010.0,Jewelry Consultant,55135,2017-08-05,1979-11-28,552 Nicholas Extensions Suite 437,Bradfordland,MD,60258,False,344.0,Kimberly Hudson,503.387.2621x7882,2023-11-20,Resigned
EMP00353,Anita,Cole,employee353@thegoods.com,001-694-676-9325x7260,1010.0,Gemstone Specialist,51133,2019-08-07,1996-10-05,252 Allison Forks,New Anntown,FL,45337,False,344.0,Sydney Thomas,484-871-2449x7787,,
EMP00354,Robert,Schmitt,employee354@thegoods.com,(405)628-4304x434,1010.0,Jewelry Consultant,55764,2021-07-18,1979-07-15,20394 Susan Gateway Apt. 185,Tonifort,ND,24773,False,344.0,Jessica Jackson,+1-994-758-3852x1495,,
EMP00355,Phillip,Ross,employee355@thegoods.com,(244)701-1432,1010.0,Fine Jewelry Expert,46665,2021-04-04,1994-08-24,803 Martin Cove Suite 887,Kennethstad,GU,95002,False,344.0,James Rodgers,(886)907-4852,,
EMP00356,Matthew,Thomas,employee356@thegoods.com,001-483-992-4720x817,1010.0,Fine Jewelry Expert,46616,2023-08-06,2000-03-08,58939 Thompson Ports Suite 237,Curtisland,TX,14217,False,344.0,Catherine Rodriguez,001-951-816-7374,,
EMP00357,Gregory,Fuller,employee357@thegoods.com,(502)615-4423,1010.0,Custom Design Consultant,56314,2024-06-06,2006-09-27,8437 Smith Row Suite 806,Lake Jessica,PA,18999,False,344.0,George Cox,+1-855-823-0451x424,,
EMP00358,Cody,Riley,employee358@thegoods.com,001-896-341-2495,1010.0,Fine Jewelry Expert,53719,2019-02-11,1988-01-17,12919 Morrow Grove,South Christina,DE,09779,False,344.0,Ann Mcdaniel,246.360.3809,,
EMP00359,Craig,Rodriguez,employee359@thegoods.com,318.203.6313x4792,1010.0,Gemstone Specialist,52968,2019-04-27,1970-01-17,871 Allison Common,Paulfurt,VT,62252,False,344.0,Joseph Walsh,+1-781-553-2010x735,,
EMP00360,Chris,Hess,employee360@thegoods.com,(821)528-8916x94049,1010.0,Jewelry Department Lead,63995,2024-06-05,1995-02-22,088 Christine Ford Apt. 186,Port Cassandrashire,SD,15225,False,344.0,Thomas Hamilton,001-208-256-2455x5381,2024-09-12,Retired
EMP00361,William,Sanders,employee361@thegoods.com,+1-751-637-9727,1010.0,Watch Specialist,54744,2021-12-28,1997-12-18,3023 Bailey Villages,South Joseph,AS,53125,False,344.0,Nancy Jackson,267-785-5576,,
EMP00362,Angela,Mendez,employee362@thegoods.com,363.690.2964x082,1010.0,Jewelry Repair Technician,39276,2021-06-24,2006-11-18,806 Larsen Unions Suite 996,North Stephanie,NC,64636,False,344.0,Lori Bartlett,+1-888-223-5196x095,,
EMP00363,Emily,Cook,employee363@thegoods.com,(981)747-9122x515,1010.0,Gemstone Specialist,45812,2020-02-08,1969-11-17,158 Carroll Trail,New Brittany,CT,98531,False,344.0,Brett Wang,001-609-279-2936x25840,,
EMP00364,Betty,Guerra,employee364@thegoods.com,532.760.8082x872,1010.0,Watch Specialist,59660,2023-06-10,1978-10-03,6548 Brady Circle Apt. 636,Apriltown,AL,84633,False,344.0,Krista George,368-358-4165,,
EMP00365,Michelle,Huber,employee365@thegoods.com,299.831.9733,1010.0,Jewelry Consultant,51268,2020-11-28,1983-11-23,777 Kevin Ferry,Jenniferville,OK,77574,False,344.0,Kevin Young,(995)569-4597x41451,,
EMP00366,Daniel,Brooks,employee366@thegoods.com,454.234.5920x21348,1010.0,Fine Jewelry Expert,53674,2020-08-08,1967-09-27,38328 Isaac Roads Suite 353,Davidmouth,IA,58212,False,344.0,Julia Torres,875.686.2857x43311,,
EMP00367,Brittany,Tapia,employee367@thegoods.com,2532607433,1010.0,Jewelry Department Lead,66690,2021-01-11,1981-11-11,3315 Smith Lodge,New Carl,PA,33261,False,344.0,Pamela Gray,530.711.6064x16681,,
EMP00368,Tamara,Burns,employee368@thegoods.com,(931)619-7921x83160,1010.0,Watch Specialist,55684,2023-04-04,1976-09-12,1878 Lewis Junction,Kathleenmouth,VT,18698,False,344.0,Meghan Chavez,(403)755-8890x533,,
EMP00369,Michael,Nixon,employee369@thegoods.com,+1-648-687-6970x42202,1010.0,Custom Design Consultant,54740,2020-02-10,1997-01-28,37024 Dustin Green,Port Williamshire,ND,63923,False,344.0,Leah Huff,368.767.1491x69680,,
EMP00370,Autumn,Hansen,employee370@thegoods.com,801-618-4252,1010.0,Jewelry Department Lead,55286,2022-09-07,1960-05-17,9589 Chad Courts,Richardsonstad,FL,14634,False,344.0,James Ochoa,+1-975-491-7766x400,,
EMP00371,Susan,Bush,employee371@thegoods.com,(758)957-2828,1010.0,Jewelry Repair Technician,44310,2017-09-09,1964-05-17,7855 Danielle Pines,Dunnport,WV,81284,False,344.0,Ruth Bush,9949216921,,
EMP00372,Shannon,Morrison,employee372@thegoods.com,617.659.3006x1778,1010.0,Fine Jewelry Expert,45052,2024-11-26,1971-09-10,703 James Stream,Walkerbury,GU,78701,False,344.0,Gary Deleon,601.431.3487,,
EMP00373,Tanya,Nelson,employee373@thegoods.com,001-693-252-4143,1010.0,Jewelry Repair Technician,38112,2025-06-01,1965-01-11,880 Torres Pines Apt. 192,Hendersonmouth,VT,83055,False,344.0,Carrie Tran,001-425-309-9424x145,,
EMP00374,Tammy,Smith,employee374@thegoods.com,6409638869,1010.0,Jewelry Consultant,49287,2019-06-25,1974-10-31,86561 Smith Throughway Apt. 544,Port Lisafurt,VI,04091,False,344.0,Willie White,+1-497-348-6971,,
EMP00375,Cindy,Dennis,employee375@thegoods.com,657.373.9783,1010.0,Jewelry Repair Technician,40037,2017-07-02,1968-05-07,83457 Adrian Cove Apt. 025,Lake Carmen,MA,59452,False,344.0,Kristina Hall,+1-634-817-2050x46578,,
EMP00376,Julie,Gray,employee376@thegoods.com,001-971-531-2401x32653,1010.0,Gemstone Specialist,45779,2020-07-31,2006-12-27,785 John Mill,Henrybury,MI,49199,False,344.0,Sandra Green,+1-620-686-7501x933,,
EMP00377,Russell,Vaughn,employee377@thegoods.com,853-727-6395,1010.0,Custom Design Consultant,53409,2019-03-02,2003-08-05,237 Joshua Parkway Suite 513,Port Jodibury,FM,69876,False,344.0,Tracy Krueger,001-966-911-3588x845,,
EMP00378,Luke,Crane,employee378@thegoods.com,+1-397-759-9890x0111,1010.0,Watch Specialist,45864,2022-09-18,2000-01-03,85893 Amanda Courts Apt. 791,New Sarafort,OR,72991,False,344.0,Kristina Porter,263-847-3728x30093,2023-04-20,Retired
EMP00379,Regina,Garcia,employee379@thegoods.com,4229274217,1010.0,Jewelry Repair Technician,44186,2021-11-27,1980-08-20,50183 Michael Island,East Christopherside,IL,06751,False,344.0,Courtney Small,246.222.6424,,
EMP00380,Daniel,Webb,employee380@thegoods.com,(559)514-4738,1010.0,Watch Specialist,58234,2023-07-02,2001-12-10,7076 Jessica Stream,Lake Morganshire,MI,53938,False,344.0,Chad Fuentes,+1-940-884-7710x0275,,
EMP00381,Timothy,Crawford,employee381@thegoods.com,516-849-0248,1010.0,Watch Specialist,47725,2024-10-27,2001-04-17,67630 Martin Plains Suite 275,Reidville,WY,73479,False,344.0,Megan Montgomery,001-431-433-8607x92746,,
EMP00382,Frank,Murphy,employee382@thegoods.com,963-896-3926x6919,1010.0,Jewelry Department Lead,58636,2025-05-04,2001-03-06,30241 Juarez River Suite 496,Norrisview,ND,87188,False,344.0,Emily Rodriguez,001-267-256-9485x6483,,
EMP00383,Mark,Williams,employee383@thegoods.com,(740)733-5626x4085,1010.0,Gemstone Specialist,59042,2021-11-04,1963-10-15,2281 Rollins Street Suite 960,Donaldmouth,CO,55086,False,344.0,Judy Navarro,397-467-3148,,
EMP00384,Tracy,Rollins,employee384@thegoods.com,001-756-305-0206,1010.0,Fine Jewelry Expert,58617,2019-07-24,1974-07-28,24190 Lewis Drive,Harrisfurt,IA,73607,False,344.0,Jeffrey Williams,+1-336-325-6654x8190,,
EMP00385,Kristi,Kennedy,employee385@thegoods.com,(811)276-4399,1010.0,Jewelry Repair Technician,44321,2021-04-10,1978-06-14,47507 Greg Mission Apt. 588,Rodriguezberg,SD,23289,False,344.0,Kayla Gomez,(389)400-5674,,
EMP00386,Kevin,Clark,employee386@thegoods.com,704-948-3917x30086,1010.0,Fine Jewelry Expert,54586,2022-08-14,1985-08-28,41574 Claire Greens Apt. 215,Barnesside,FL,74832,False,344.0,John Williams,739.637.0734x8567,2025-05-25,Retired
EMP00387,Brooke,Fowler,employee387@thegoods.com,001-997-249-9375x792,1011.0,Furniture Manager,72661,2020-08-22,1986-07-16,3166 Brown Forks Suite 484,Grahamville,SC,14579,True,12.0,Renee Davis,(330)524-8298,,
EMP00388,Ian,Anderson,employee388@thegoods.com,525.375.2262x5548,1011.0,Furniture Department Lead,68817,2022-12-15,1974-08-21,293 Monica Creek,South Carolside,WI,47931,False,387.0,Edwin Poole,001-285-349-1248x6680,,
EMP00389,Reginald,Wilson,employee389@thegoods.com,477.201.4389,1011.0,Mattress Specialist,57412,2020-02-28,1993-12-10,3585 Christopher Way Apt. 017,North Stephen,AZ,46534,False,387.0,Karen Acosta,(797)953-3356,,
EMP00390,Elijah,Torres,employee390@thegoods.com,8125884529,1011.0,Furniture Department Lead,59262,2019-01-02,1970-04-23,2697 Thomas Views Apt. 790,Allenborough,ND,83569,False,387.0,James Woods,(307)583-8865x589,,
EMP00391,Kevin,Mccarthy,employee391@thegoods.com,+1-852-228-9753x3968,1011.0,Furniture Sales Associate,43635,2024-03-07,1962-08-23,6982 Holt Summit,Schroederport,NE,68234,False,387.0,Kimberly Foster,+1-532-677-5405x5508,,
EMP00392,Joshua,Clark,employee392@thegoods.com,(989)495-5444,1011.0,Office Furniture Consultant,52671,2024-11-05,1984-12-14,92689 Douglas Course Apt. 858,Jefferyborough,PA,83661,False,387.0,Tamara Harrington,+1-557-286-5095x256,,
EMP00393,Adam,Velez,employee393@thegoods.com,8382107412,1011.0,Furniture Department Lead,68819,2024-04-06,1959-11-16,31280 Contreras Divide,Lindseyport,WV,59687,False,387.0,Travis Martin,(869)564-0763,,
EMP00394,William,Dillon,employee394@thegoods.com,755-654-7060x780,1011.0,Interior Designer,49092,2022-06-24,1959-08-30,98997 Daniel Overpass,Thomasmouth,NY,67860,False,387.0,Bradley Flores,7335152352,,
EMP00395,Earl,Spencer,employee395@thegoods.com,+1-312-474-9939x19001,1011.0,Office Furniture Consultant,54624,2023-07-08,1984-01-16,72344 Ramsey Oval,Frankfurt,OH,99812,False,387.0,Teresa Moon,+1-426-381-5423,,
EMP00396,Charlotte,Romero,employee396@thegoods.com,2493198170,1011.0,Interior Designer,44894,2022-03-06,2005-05-15,197 Smith Mission Suite 434,Burtonhaven,PW,19159,False,387.0,Steven Owens,001-238-491-4550x5642,2023-02-02,Retired
EMP00397,Samantha,Moore,employee397@thegoods.com,001-259-652-5292x4209,1011.0,Furniture Sales Associate,49714,2020-10-24,1966-10-18,432 Jacob Neck Apt. 772,West John,PW,37149,False,387.0,Stephanie Lopez,988.745.9305x069,2023-04-07,Contract ended
EMP00398,Stacey,Freeman,employee398@thegoods.com,(649)225-9876,1011.0,Office Furniture Consultant,56576,2019-12-22,1995-12-05,696 Graham Burg,Port Kristyport,KY,87694,False,387.0,David Le,3149155105,,
EMP00399,Mark,Crosby,employee399@thegoods.com,361.323.5876x62690,1011.0,Mattress Specialist,49182,2021-05-05,2001-06-20,23625 Samuel Mews Apt. 070,Lake Connieville,TX,99361,False,387.0,Jenna Grant,+1-778-803-3231x649,,
EMP00400,Kimberly,Miller,employee400@thegoods.com,205.780.3071x4601,1011.0,Upholstery Expert,50148,2019-06-27,1984-02-12,4111 Stacey Orchard,North Rhonda,FM,28255,False,387.0,Angela Brown,296-981-4691,2024-12-17,Terminated
EMP00401,Jose,Pacheco,employee401@thegoods.com,001-626-431-4243x8224,1011.0,Furniture Sales Associate,44336,2024-09-03,1986-12-29,53841 Kimberly Fall Suite 097,Isaiahfurt,AK,90880,False,387.0,Wayne Vazquez,001-331-613-0963x7740,,
EMP00402,Ethan,Howard,employee402@thegoods.com,(504)233-0062,1011.0,Furniture Sales Associate,47961,2018-10-28,2004-09-10,7827 Gonzalez Streets,Stevenborough,VA,83615,False,387.0,Michael Thomas,(974)599-8835x19917,,
EMP00403,Ryan,Smith,employee403@thegoods.com,(959)637-7245,1011.0,Furniture Sales Associate,49488,2021-03-05,1972-02-18,3966 Alison Lodge,Port Kevinshire,KS,01179,False,387.0,Kristin Miller,396-587-3689x4561,,
EMP00404,Jessica,Joseph,employee404@thegoods.com,001-467-755-0310x9388,1011.0,Furniture Department Lead,61879,2019-09-23,1977-08-07,736 Moreno Shores Apt. 196,East James,KS,17512,False,387.0,Ashley Cooley,(253)940-4444,,
EMP00405,Katherine,Kirk,employee405@thegoods.com,001-512-559-6679x5611,1011.0,Furniture Sales Associate,48500,2024-07-13,1993-09-30,19363 Beth Ramp,Mcmillanstad,NJ,62658,False,387.0,Nicole Harrington,261.227.6514x9241,,
EMP00406,Robert,Johnson,employee406@thegoods.com,318-213-6620x666,1011.0,Interior Designer,49438,2023-11-10,2000-01-23,17451 Joseph Mount,North Brian,CO,96026,False,387.0,Anthony Hall,001-785-797-3706x1245,,
EMP00407,Michael,Brown,employee407@thegoods.com,001-222-726-6509x8017,1011.0,Furniture Department Lead,69503,2018-05-16,1979-06-25,045 Aguirre Trail Suite 714,West Charles,AL,06622,False,387.0,Miguel Dawson,858-728-4365,,
EMP00408,Kathleen,Price,employee408@thegoods.com,744.830.2789x1174,1011.0,Mattress Specialist,45667,2023-03-18,1964-08-17,20540 Romero Trail Suite 576,West Kevin,IN,93413,False,387.0,Angel Fleming,5777818439,2025-01-22,Terminated
EMP00409,Amy,Camacho,employee409@thegoods.com,565.305.4767x445,1011.0,Office Furniture Consultant,57328,2020-12-20,1971-04-02,8236 Sandra Park Suite 237,Billland,NJ,92920,False,387.0,Rachel Cox DVM,322.683.6138,,
EMP00410,Erin,Brown,employee410@thegoods.com,+1-773-840-3627,1011.0,Upholstery Expert,48000,2018-11-25,1966-11-18,24293 Ruben Green Suite 208,South Erica,AK,63972,False,387.0,Ryan Conway,001-817-231-1601x2403,,
EMP00411,Alan,Thomas,employee411@thegoods.com,315.275.8498x75528,1011.0,Office Furniture Consultant,49255,2019-01-05,1990-12-29,99389 Perez Landing,East Clayton,IA,43998,False,387.0,Jennifer Morales,(203)385-0448x601,,
EMP00412,Jamie,Dean,employee412@thegoods.com,5048219989,1011.0,Mattress Specialist,54981,2020-09-08,1992-10-17,3312 Barnes Street,Jonesview,FM,20437,False,387.0,Cameron Baker,6244998893,,
EMP00413,Tyler,Horn,employee413@thegoods.com,+1-915-822-3128x41527,1011.0,Interior Designer,46810,2018-04-16,1976-07-26,253 Lori Grove Apt. 547,Ashleyfort,MS,23191,False,387.0,Kent Wheeler,+1-496-318-7528,,
EMP00414,Francisco,Simmons,employee414@thegoods.com,258-552-2431x672,1011.0,Furniture Department Lead,64390,2021-01-01,1994-02-18,610 Jackson Falls Suite 591,Alexanderchester,MH,57722,False,387.0,Dawn Nguyen,5555629755,,
EMP00415,Darrell,Benson,employee415@thegoods.com,(619)885-1553,1011.0,Office Furniture Consultant,54260,2021-11-17,1986-12-06,3847 Paul Junctions Apt. 766,North Sabrinaborough,CT,94731,False,387.0,Peter Martinez,286-350-4870x87284,,
EMP00416,Samuel,Blair,employee416@thegoods.com,(545)440-5602x0187,1012.0,Garden & Outdoor Manager,75683,2015-07-15,1992-02-16,658 Danielle Vista Apt. 538,West Emilyview,MT,43962,True,3.0,Randy Harris,503-607-0308x8542,,
EMP00417,Carol,Lewis,employee417@thegoods.com,763.689.5608x9736,1012.0,Outdoor Living Expert,59208,2023-07-13,2004-03-28,6011 Anita Wells Apt. 990,South Katiebury,MI,68420,False,416.0,Brian Foster DVM,(253)500-9584,,
EMP00418,Joseph,Zavala,employee418@thegoods.com,001-619-754-0177,1012.0,Plant Specialist,54772,2022-08-14,1960-05-25,4925 Jennifer Island Apt. 355,East Monicachester,WY,87312,False,416.0,Alexander Harper,287.855.9868,,
EMP00419,Roger,Hill,employee419@thegoods.com,9679387502,1012.0,Garden Department Lead,62510,2022-11-20,1990-03-24,2184 Shane Walks,Marvinhaven,LA,73844,False,416.0,Rachel Wilson,(661)573-4742x21991,,
EMP00420,Morgan,Smith,employee420@thegoods.com,001-570-671-0202,1012.0,Outdoor Living Expert,50155,2018-03-24,1988-08-03,96183 Jerry Pass Suite 289,Port Melindabury,GA,71851,False,416.0,Sarah Hoover,382.269.3132x419,,
EMP00421,Erin,Thompson,employee421@thegoods.com,(291)763-3453x421,1012.0,Landscaping Consultant,58860,2022-07-19,1977-02-28,98310 Brian Spur,Edwardmouth,AK,27030,False,416.0,Nicholas Nichols,740-743-8075x540,,
EMP00422,Lucas,Bennett,employee422@thegoods.com,545-626-4650x7231,1012.0,Landscaping Consultant,56029,2022-10-17,1964-08-13,628 Hill Forges,Michellefort,WV,44534,False,416.0,Austin Evans,001-308-510-2623x33296,,
EMP00423,Albert,Williams,employee423@thegoods.com,+1-306-947-3958x008,1012.0,Seasonal Department Associate,43457,2024-10-02,1972-02-16,170 Moore Garden,Lake Toniport,MO,53663,False,416.0,Manuel Jones,+1-878-783-5843x417,,
EMP00424,Russell,Martin,employee424@thegoods.com,393-205-1271,1012.0,Plant Specialist,53782,2017-12-09,2004-01-28,6524 Ronald Dale Apt. 430,Bradbury,DC,46077,False,416.0,Brianna Wood,001-610-635-2415,,
EMP00425,Jennifer,Andrews,employee425@thegoods.com,318.850.1208x38921,1012.0,Garden Department Lead,61682,2021-01-26,2002-10-29,0165 Martinez Garden Suite 293,Romanville,NJ,87389,False,416.0,Nicholas Miller,230.714.1110x9498,,
EMP00426,Carrie,Mcgee,employee426@thegoods.com,+1-858-364-9079,1012.0,Patio Furniture Specialist,52439,2020-09-26,1985-03-24,2116 Jeff Shore,North Ryanbury,IL,13112,False,416.0,Daniel Townsend,561.779.8448,2023-04-16,Resigned
EMP00427,Debra,Rose,employee427@thegoods.com,812.641.7591,1012.0,Seasonal Department Associate,38053,2021-05-10,2002-11-09,046 Daniel Via Apt. 149,East Johnton,OK,83848,False,416.0,Timothy Charles,(621)563-1577x6157,2022-10-14,Terminated
EMP00428,Tammy,James,employee428@thegoods.com,+1-430-616-9452x967,1012.0,Seasonal Department Associate,39169,2022-07-30,1989-11-19,701 Salazar Mission Apt. 026,Nortonberg,NY,81493,False,416.0,Jeanette Bolton,6469364304,,
EMP00429,Charlene,Cantu,employee429@thegoods.com,+1-377-415-7606x700,1012.0,Seasonal Department Associate,49465,2023-07-21,2005-11-08,24318 Shelby Bridge,Lake Dawn,UT,28864,False,416.0,Daniel Morgan,+1-747-802-8162x365,,
EMP00430,Claudia,Charles,employee430@thegoods.com,746-485-7494,1012.0,Garden Department Lead,60839,2021-02-20,1984-04-27,0833 Marshall Canyon,East Meredith,FM,25617,False,416.0,Joshua Perkins,929.689.8725x693,,
EMP00431,Donna,Sanchez,employee431@thegoods.com,001-584-505-5372x858,1012.0,Seasonal Department Associate,49145,2020-10-01,1991-06-17,0360 Wade Row,Murraymouth,AR,51505,False,416.0,Matthew Williams,(549)200-2880x7338,,
EMP00432,Kelly,Lawson,employee432@thegoods.com,001-516-512-3652x8939,1012.0,Plant Specialist,46207,2019-09-11,2000-05-12,5744 Decker Estates Suite 742,South Lacey,HI,04524,False,416.0,David Robinson,330-539-5194x68787,,
EMP00433,Sarah,Sanchez,employee433@thegoods.com,+1-285-843-3665x81932,1012.0,Seasonal Department Associate,46377,2022-05-17,1980-03-14,62568 Griffin Place,Jasonmouth,MA,73886,False,416.0,Joshua Williams,+1-361-705-7265x2846,,
EMP00434,Manuel,Perez,employee434@thegoods.com,805-910-6568,1012.0,Patio Furniture Specialist,50501,2022-02-08,1971-03-19,65599 Jason Coves,New Deborah,PR,32758,False,416.0,Richard Kelly,500.651.6652,,
EMP00435,Carlos,Hill,employee435@thegoods.com,574-399-8164x84624,1012.0,Patio Furniture Specialist,57416,2023-11-27,1973-07-23,6034 Chad Harbor,Whiteshire,AS,44070,False,416.0,Ashley French,6942930553,,
EMP00436,Brittany,Jenkins,employee436@thegoods.com,780-341-1457x5339,1012.0,Patio Furniture Specialist,52439,2022-08-22,1976-08-04,6067 Melissa Field Apt. 246,Jamestown,NM,95054,False,416.0,Natalie Thompson,001-995-752-1572x31488,,
EMP00437,Michele,Hudson,employee437@thegoods.com,241.738.9288x87569,1012.0,Landscaping Consultant,53624,2020-05-12,1996-07-22,202 Matthew Track Suite 675,Montesfort,IL,85453,False,416.0,Mark Daniels,217-914-7968x519,,
EMP00438,Michael,Brooks,employee438@thegoods.com,(803)250-8368,1012.0,Plant Specialist,55132,2020-08-16,1980-04-14,9641 Lisa Lakes Apt. 700,Carlsonberg,CO,79121,False,416.0,Anthony Moses,350-776-2486x4499,,
EMP00439,Samantha,Garcia,employee439@thegoods.com,274.834.0219x702,1012.0,Landscaping Consultant,48280,2022-02-19,2003-07-02,323 Boyer Passage Suite 341,Kimberlyburgh,CT,27990,False,416.0,Jennifer Walsh,971-344-8590,,
EMP00440,Ann,Cook,employee440@thegoods.com,(584)558-6162x4843,1012.0,Plant Specialist,50931,2019-05-25,1992-09-30,9818 Houston Creek Apt. 386,Robinsonshire,NH,79064,False,416.0,Alexander Butler,5784049903,,
EMP00441,Faith,Mullen,employee441@thegoods.com,(931)325-1776x9836,1012.0,Patio Furniture Specialist,49691,2023-05-03,2003-12-15,088 Foley Centers,Jonathanview,AZ,16220,False,416.0,Patricia Thompson,915.242.1258,,
EMP00442,Patricia,French,employee442@thegoods.com,(644)352-0981,1012.0,Landscaping Consultant,59043,2020-09-07,1985-12-14,8050 Rachel River Suite 168,Alexisberg,WI,75475,False,416.0,Willie Martinez,837.720.8822x574,,
EMP00443,Joshua,King,employee443@thegoods.com,5636446802,1012.0,Outdoor Living Expert,56292,2022-07-27,1960-08-23,67260 Wesley Place,Port Jimmyville,LA,41874,False,416.0,Shelia Solomon,6786248149,,
EMP00444,David,Walton,employee444@thegoods.com,696-849-4897x096,1012.0,Patio Furniture Specialist,50564,2018-03-12,1974-11-30,000 Tracy Land Apt. 153,Allisonberg,OR,89940,False,416.0,Kristin Mckay,+1-297-983-9090,,
EMP00445,Arthur,Burke,employee445@thegoods.com,(280)313-3278,1012.0,Garden Center Associate,43766,2018-05-10,1963-08-18,8837 Davenport Ford,Meghanchester,PW,92059,False,416.0,Mario Phillips DDS,556-982-1069x08840,2025-05-14,Terminated
EMP00446,Michael,Hudson,employee446@thegoods.com,(923)454-6795x3837,1012.0,Seasonal Department Associate,42694,2019-02-09,1994-10-27,4057 Rose Lights Apt. 288,Michaelberg,OR,91724,False,416.0,Kayla Williams,661-741-2258x048,,
EMP00447,Danny,Cox,employee447@thegoods.com,001-767-828-7841,1012.0,Garden Department Lead,68923,2023-05-09,1981-08-19,321 Jackson Prairie Apt. 657,Port Nancy,KS,34095,False,416.0,Colton Brown,644.921.4950x479,2024-10-02,Retired
EMP00448,Kyle,Garcia,employee448@thegoods.com,8794585326,1012.0,Landscaping Consultant,56858,2020-09-18,1976-03-18,716 Green Glens,Lake Cynthia,PA,73418,False,416.0,Dr. Zachary Rivera,246.511.3845x13029,,
EMP00449,Julie,Terry,employee449@thegoods.com,+1-372-609-5625x05752,1012.0,Landscaping Consultant,58257,2017-08-20,1986-09-20,10664 Mcdonald Fort Suite 607,Carrillotown,NE,92525,False,416.0,Brandi Schwartz,(625)388-5238,,
EMP00450,Justin,Eaton,employee450@thegoods.com,001-984-874-0180,1012.0,Plant Specialist,57268,2020-06-14,1984-06-06,01035 Gregory Greens,Jessicaburgh,ID,52741,False,416.0,Steven Pearson,974.277.3133x411,,
EMP00451,Tanner,Cunningham,employee451@thegoods.com,001-935-959-7328x6871,1012.0,Garden Center Associate,43864,2018-08-12,1974-06-23,48399 Donald Village,Santiagomouth,MA,79879,False,416.0,Natasha Villa,337.475.2235x65515,,
EMP00452,Mark,Steele,employee452@thegoods.com,506-675-8588,1012.0,Outdoor Living Expert,51802,2021-05-28,1977-09-12,804 Brandy Ways Apt. 116,East Kelseyville,HI,43546,False,416.0,Debra Ward,234-242-6204x714,,
EMP00453,Brandy,Mcgee,employee453@thegoods.com,001-853-843-3066,1012.0,Garden Center Associate,46938,2019-06-30,1961-05-20,36923 Kathy Camp Suite 025,East Tonyaview,NE,98605,False,416.0,Tracy Hurst,837-689-4098x66819,2023-08-14,Resigned
EMP00454,Stacey,Harrington,employee454@thegoods.com,+1-366-459-3523x85712,1012.0,Garden Center Associate,41495,2023-11-07,2007-04-03,11923 Wallace Oval Apt. 932,Kathrynton,CA,80320,False,416.0,John Dodson,001-967-303-1053,,
EMP00455,Austin,Vargas,employee455@thegoods.com,(305)433-7753,1012.0,Plant Specialist,47941,2023-08-06,1984-10-15,943 Christopher Summit Apt. 166,Gloriaport,MP,44840,False,416.0,Margaret Nunez,(717)987-8300,,
EMP00456,Linda,Crawford,employee456@thegoods.com,+1-883-564-9289x66810,1012.0,Seasonal Department Associate,40291,2020-04-14,1959-11-01,218 Katherine Spurs Suite 353,North Samantha,CT,04197,False,416.0,Yvonne Ortiz,629-643-2147x4935,,
EMP00457,Cheryl,Newton,employee457@thegoods.com,577.769.8796x08709,1012.0,Outdoor Living Expert,50953,2018-05-16,1972-04-28,6293 Steven Roads,Johnsonmouth,DC,32199,False,416.0,Mary Howell,(969)541-6203x15915,,
EMP00458,Sherry,Lopez,employee458@thegoods.com,(396)516-0505x035,1012.0,Garden Center Associate,44840,2018-04-14,2006-05-12,40081 Frank Divide Apt. 280,South Lesliefurt,ME,22412,False,416.0,Randy Liu,697-423-9612,,
EMP00459,David,Ball,employee459@thegoods.com,(616)773-3660x53894,1012.0,Plant Specialist,47234,2022-10-01,1967-06-04,054 Jeffrey Ford Suite 153,Stephaniemouth,PA,44944,False,416.0,Michael Cross,559-328-1515x47365,,
EMP00460,James,Gray,employee460@thegoods.com,(203)754-6128,1012.0,Landscaping Consultant,50817,2022-01-07,1989-08-21,132 Mike Isle,Hodgestown,AR,13845,False,416.0,Eduardo Peterson,483.864.3748x2623,,
EMP00461,Stefanie,Grant,employee461@thegoods.com,591.386.3591x24704,1012.0,Garden Center Associate,42288,2024-10-30,1990-03-08,21409 Jennifer Underpass Apt. 141,Garcialand,PA,12460,False,416.0,Rachel Mitchell,(624)880-6420,,
