supplier_id,name,contact_name,contact_title,email,phone,address,city,state,zip_code,country,website,industry,primary_dept_id,payment_terms,rating,active_since
SUP001,Fowler Co.,Donald Walker,Owner,rhodespatricia@garza.com,833-589-0838,402 Peterson Drives Apt. 511,Davisstad,PA,35172,USA,www.fowlerco.com,Plant Nurseries,1012,COD,3,2022-07-19
SUP002,Blair Corp.,Valerie Gray,Purchasing Manager,maria95@lee.com,731-564-7525,192 Frank Light Suite 835,East Lydiamouth,MO,35594,Bahrain,www.blaircorp.com,Entertainment Media,1009,Net 30,2,2013-08-09
SUP003,Jasonfort Enterprises,Thomas Ellis,CEO,donald88@burgess-patterson.org,(353)828-7101x2269,784 Erin Crescent Suite 514,Mooretown,VA,94830,USA,www.jasonfortenterprises.com,Jewelry Manufacturing,1010,COD,5,2014-05-23
SUP004,Mason International,Thomas Harrell,Owner,meagan89@hernandez.net,001-380-395-7015x43039,82278 Joseph Well Suite 383,Raymondstad,NV,68340,Korea,www.masoninternational.com,Electronics Manufacturing,1001,Net 90,1,2012-04-03
SUP005,Walker Corp.,Kevin Hall,Account Manager,adrianzimmerman@perez.com,983-547-3829,3116 Henderson Mountain Apt. 106,Laurenville,IA,25613,Comoros,www.walkercorp.com,Automotive Parts,1008,Net 60,5,2018-06-26
SUP006,ChallengeKnowledge Ltd.,Joel Baxter,Sales Representative,ramosmichelle@garcia.com,432-867-7360,4746 Moore Hill,North Beth,ND,08490,USA,www.challengeknowledgeltd.com,Wood Products,1011,Net 60,5,2021-08-29
SUP007,ArtApply International,Kathryn Farrell,CEO,brianromero@jones.com,(719)639-9091x6998,534 Anderson Rue,Stephenland,AL,60569,USA,www.artapplyinternational.com,Computer Hardware,1001,Net 90,3,2019-10-04
SUP008,Hart Co.,Joshua Wagner,Purchasing Manager,sarahibarra@wood.info,+1-649-380-8412,824 Jacobs Stravenue,Jamesview,NY,64533,El Salvador,www.hartco.com,Jewelry Manufacturing,1010,Net 30,5,2024-01-08
SUP009,ThroughoutApproach Corp.,Jeff Hill,Owner,cookdavid@martin-ramos.biz,+1-401-812-8059,45053 Elizabeth Knoll,Dicksonberg,IA,21800,USA,www.throughoutapproachcorp.com,Home Furnishings,1011,COD,2,2025-01-30
SUP010,TalkCost Co.,Allison Doyle,CEO,kimberly63@moore-haynes.biz,2735375433,4145 Frazier Ville Suite 014,New Sydney,KS,05515,Botswana,www.talkcostco.com,Plant Nurseries,1012,Net 90,4,2019-05-23
SUP011,HairShoulder Group,Jessica Joyce,Sales Representative,cruzbarbara@williams-graham.net,+1-635-661-5951,6482 Robert Light Apt. 994,Kelleytown,ME,38107,USA,www.hairshouldergroup.com,Textile Production,1002,Net 30,5,2013-08-05
SUP012,Stevenmouth Co.,Kayla Leon,Purchasing Manager,donnacampbell@schultz.com,+1-543-832-0037x91769,3201 Robinson Unions Suite 083,South Dennismouth,TN,70117,USA,www.stevenmouthco.com,Electronics Manufacturing,1001,Net 30,3,2025-04-04
SUP013,Larson Co.,Stephanie Salazar,Sales Representative,jrivas@merritt-manning.info,643.748.7347x143,122 Patrick Drives Apt. 166,Amychester,AR,27611,USA,www.larsonco.com,Fragrance Production,1005,COD,2,2022-12-07
SUP014,ImproveWest Enterprises,Theresa Smith,Purchasing Manager,wwoods@molina-castaneda.biz,+1-289-837-3467,627 Tina Place Apt. 699,North Dawnberg,VI,61016,USA,www.improvewestenterprises.com,Food Production,1004,Net 90,4,2013-03-02
SUP015,Nicholasborough Inc.,George Hobbs,Purchasing Manager,karen64@ruiz.net,4535100330,1937 Wang Expressway,Port Loriport,CT,76350,USA,www.nicholasboroughinc.com,Furniture Manufacturing,1011,Net 90,1,2010-10-29
SUP016,Collins Co.,Tina Sanders,Sales Representative,charlesvaughn@sanchez.org,790-258-6518,1657 Ryan Street Suite 987,Grahamshire,KY,42746,USA,www.collinsco.com,Entertainment Media,1009,Net 90,4,2023-03-20
SUP017,Rivas LLC,Stephen Sanchez,Purchasing Manager,qhudson@rogers-snyder.com,(273)554-5494,67837 West Brook,West Jeffreybury,ME,87527,USA,www.rivasllc.com,Automotive Parts,1008,Net 30,1,2019-03-01
SUP018,MaterialOn Co.,Jessica Reese,CEO,michael74@king-martinez.com,618-523-3749x89413,40824 Terri Plaza Suite 271,New Justinfort,NV,45158,USA,www.materialonco.com,Textiles,1003,COD,1,2013-03-16
SUP019,Williams Inc.,Karen Short,CEO,kvasquez@parks.com,831-986-9993,9649 Chelsea Streets Apt. 334,East Johnside,CA,21018,USA,www.williamsinc.com,Educational Products,1007,COD,2,2010-06-25
SUP020,Hayes Co.,Doris Hall,Account Manager,jacqueline71@hall.org,+1-636-918-3242x10249,4648 Kim Rapid,South Jessicaview,AK,12471,USA,www.hayesco.com,Electronics Manufacturing,1001,COD,5,2013-11-16
SUP021,RepresentThink International,Laurie Smith,Owner,barbara27@pearson.org,(871)275-6551x25674,54516 Diane Plains Suite 603,Cindyfort,SC,58440,USA,www.representthinkinternational.com,Home Goods Manufacturing,1003,Net 60,1,2021-11-03
SUP022,West Andrea Co.,Jessica Wolfe,Owner,johnsoncrystal@mckinney.net,9866131712,7737 Patrick Rapid Apt. 146,Sarahhaven,KY,00837,USA,www.westandreaco.com,Toy Manufacturing,1007,Net 30,5,2014-09-07
SUP023,Evans International,Yvonne Burns,Sales Representative,seanwashington@arnold-daniels.info,233-496-3605x76627,71870 Robert Shoal Apt. 174,Cindyfurt,SD,11028,USA,www.evansinternational.com,Fitness Equipment,1006,Net 90,2,2023-03-20
SUP024,Phelps Corp.,Jamie Stewart,CEO,cbrennan@jones.com,001-716-711-7240x0504,38692 Gregory Ridge Suite 937,East Steven,KS,60737,USA,www.phelpscorp.com,Office Furnishings,1011,Net 30,1,2014-04-09
SUP025,Port Stevenport LLC,Brooke Alexander,Owner,vanessa46@wright.biz,213.969.5944x0640,95339 Byrd Stravenue Apt. 104,Johnsonstad,VA,17725,USA,www.portstevenportllc.com,Textile Production,1002,Net 90,1,2011-10-17
SUP026,FindGeneral Industries,Casey Anderson,CEO,alyssa42@sloan-raymond.com,001-651-371-2368x5160,4965 Emily Mountains Apt. 985,Lake Bryan,GU,61353,United States of America,www.findgeneralindustries.com,Personal Care Products,1005,Net 90,5,2020-12-15
SUP027,RangeIssue International,Andrew Johnson,Purchasing Manager,pwilson@taylor.net,(592)761-7964x05377,585 Raymond Field,Port Madisonland,TN,28302,Norway,www.rangeissueinternational.com,Computer Hardware,1001,Net 60,3,2020-01-13
SUP028,Maddox LLC,Gavin Zhang,Account Manager,caseyhubbard@willis.com,001-729-504-2284x21020,24026 Julie Mountains Suite 589,South Williamton,VA,86864,USA,www.maddoxllc.com,Outdoor Living,1012,Net 60,3,2018-04-06
SUP029,Ellis Ltd.,Amy Mendoza,Account Manager,gsimmons@joseph-wallace.com,992-812-4998x56984,183 Hayes Forks,Morganmouth,MO,55025,Saint Lucia,www.ellisltd.com,Entertainment Media,1009,Net 30,1,2011-11-13
SUP030,Edwardsview Ltd.,Christian Leblanc,Account Manager,davischristopher@davis-rodgers.com,+1-809-288-5165,451 Eric Orchard Apt. 158,Dannyview,OK,30144,Sri Lanka,www.edwardsviewltd.com,Electronics Manufacturing,1001,Net 90,2,2016-11-16
SUP031,OptionSpeak International,Lisa Day,Owner,lynchdiane@adams.com,850-922-9612x01836,54599 Nicole Drives Apt. 901,Scottchester,NM,80071,USA,www.optionspeakinternational.com,Landscaping Products,1012,Net 30,2,2017-01-26
SUP032,Jasonhaven Industries,Jeffrey Campbell,CEO,trose@walker.com,2349324451,26838 Jones Wall Apt. 607,Port Lawrencechester,OK,53509,USA,www.jasonhavenindustries.com,Watch Making,1010,Net 90,3,2021-01-30
SUP033,KeyFigure Inc.,Alex Nguyen,Sales Representative,xcollier@kim.com,(596)781-6453x52181,231 Jonathan Extensions Apt. 127,Webstershire,NV,89778,USA,www.keyfigureinc.com,Outdoor Equipment,1006,Net 90,5,2024-04-20
SUP034,OtherQuestion Enterprises,Lori Lin,Sales Representative,edward17@welch-hogan.org,7586147700,199 Ford Plaza,South Reginashire,SD,25173,Gibraltar,www.otherquestionenterprises.com,Watch Making,1010,Net 60,4,2019-07-08
SUP035,Mason Industries,Joanna Shepherd,Account Manager,toni18@thompson.info,789.325.5466x59051,4925 Brandi Divide Suite 462,West Angelicamouth,GU,17251,USA,www.masonindustries.com,Game Production,1007,Net 30,4,2020-06-28
SUP036,ThemYour Group,Melissa Fox,CEO,bromero@parker-bean.com,001-473-832-2141x88805,29270 Diaz Stravenue,South Cheryl,WV,98613,USA,www.themyourgroup.com,Beverage Manufacturing,1004,Net 60,2,2022-03-13
SUP037,Young Co.,Vincent Mueller,Account Manager,michealvalentine@murray-campbell.biz,386.623.9240x75818,47826 Stacey Forges,Wilkersontown,MT,07481,Indonesia,www.youngco.com,Educational Products,1007,Net 90,3,2017-12-20
SUP038,South Virginia Enterprises,Alfred Galvan,Purchasing Manager,lacey20@lowery-kennedy.com,001-377-690-1043x28986,1036 Brown Villages,Carlsontown,SC,68052,USA,www.southvirginiaenterprises.com,Office Furnishings,1011,Net 90,2,2019-01-25
SUP039,West Ruben Ltd.,Cynthia Butler,Owner,millsmichael@stephens.com,(770)465-4051x5319,8527 Welch Valleys,North Jennifer,NH,05348,USA,www.westrubenltd.com,Electronics Manufacturing,1001,Net 90,4,2014-11-04
SUP040,Port Jameston International,Eric Sanders,Owner,wking@lee.com,615-366-7652x775,69284 Garcia Islands Suite 479,Jacksonmouth,MI,59107,USA,www.portjamestoninternational.com,Footwear,1002,Net 30,4,2011-01-29
SUP041,Berg International,Zachary Hill,Account Manager,jonesdana@palmer-brady.com,7298702135,275 Wallace Club,New Michael,MD,85640,USA,www.berginternational.com,Wood Products,1011,Net 90,5,2014-08-15
SUP042,Horne LLC,Cody Holmes,Owner,greenjorge@lewis-carr.info,712.317.2715,2258 David Flats Apt. 370,Angelastad,NH,72806,USA,www.hornellc.com,Plant Nurseries,1012,COD,3,2012-05-21
SUP043,North Kylefort Ltd.,Patricia Morrow,Sales Representative,martinezlogan@cole.net,(628)492-2680x182,3584 John Roads,Davidport,RI,70425,USA,www.northkylefortltd.com,Media Production,1009,COD,2,2011-11-04
SUP044,New Shelly Ltd.,Matthew Le,Account Manager,megan90@miller.org,839-669-0784x473,02767 Harris Rest Apt. 555,Andersonstad,NY,74117,USA,www.newshellyltd.com,Toy Manufacturing,1007,COD,5,2012-01-13
SUP045,South David Industries,Charles Williams,CEO,alin@estes.com,001-953-227-8774,8733 Williams Haven,Harperfort,LA,70846,USA,www.southdavidindustries.com,Industrial Equipment,1008,COD,2,2010-07-25
SUP046,South Dennisview Ltd.,Pamela Diaz,Purchasing Manager,jwilliams@cox.com,(787)484-9912x1655,868 Brandon Dam,Lindahaven,NH,20022,New Caledonia,www.southdennisviewltd.com,Book Distribution,1009,Net 60,3,2023-11-02
SUP047,Taylor Co.,Emily Long,Purchasing Manager,brittney88@burns.com,(551)269-4097x499,89623 Ashley Squares Apt. 307,Robertchester,UT,27225,USA,www.taylorco.com,Home Goods Manufacturing,1003,COD,5,2016-08-06
SUP048,StagePopulation LLC,Shelley Fitzgerald,Owner,thorntonapril@nguyen.com,(578)558-5497,434 Bush Spurs Suite 575,Keithshire,TX,71698,USA,www.stagepopulationllc.com,Industrial Equipment,1008,COD,4,2016-02-19
SUP049,Baird Corp.,Tina Ballard,Purchasing Manager,bobby15@douglas-burgess.com,584.584.2199,833 Craig Isle,Garciaberg,AL,72636,Vanuatu,www.bairdcorp.com,Furniture Manufacturing,1011,Net 60,2,2012-10-23
SUP050,ReadWorry International,Karen Santos,Owner,manuel01@andrews.com,(262)606-7240,4788 Small Dale,Nelsonville,MA,21799,USA,www.readworryinternational.com,Automotive Parts,1008,Net 30,4,2021-05-29
SUP051,Wong Group,Alexis Rogers,CEO,ashley32@chase.net,616-712-2753x04637,904 Schwartz Circle Apt. 742,Parksport,UT,15890,USA,www.wonggroup.com,Office Furnishings,1011,COD,5,2020-01-08
SUP052,Michaelbury Corp.,Casey Hernandez,CEO,robert87@pham.org,587-485-1910,8713 Davis Pass,Stokesmouth,DC,67773,USA,www.michaelburycorp.com,Landscaping Products,1012,Net 60,3,2016-09-02
SUP053,OrganizationArticle International,Megan Parker,Account Manager,fosterlisa@robinson.com,+1-801-770-4622,6618 Desiree Keys Apt. 286,Lake Tiffany,MP,00956,USA,www.organizationarticleinternational.com,Tool Manufacturing,1008,Net 90,2,2021-10-13
SUP054,Good Industries,Nathan Coleman,Sales Representative,pmorrow@reed-hill.com,2699033119,06738 Karen Trail,East Williamport,IN,96382,USA,www.goodindustries.com,Publishing,1009,COD,2,2019-01-30
SUP055,ParticipantPiece LLC,Sabrina Young,Account Manager,valerieboyd@turner-brown.org,001-626-887-0568x5662,733 Mathews Divide,Melendezside,MT,55093,USA,www.participantpiecellc.com,Entertainment Products,1007,COD,1,2018-10-19
SUP056,Anderson Enterprises,Dalton Lucas,Owner,fboone@hardy.org,+1-501-539-8373x540,739 Randy Garden,Kimberlyfurt,NH,70447,USA,www.andersonenterprises.com,Toy Manufacturing,1007,Net 30,3,2020-03-03
SUP057,Parker Enterprises,Stephen Owens,CEO,ugill@wood.com,001-632-404-8996,3693 Pierce Spur,Jonathanfort,VA,84609,USA,www.parkerenterprises.com,Game Production,1007,COD,4,2021-07-14
SUP058,Murray Industries,Heather Taylor,Sales Representative,iwhite@bernard.com,+1-900-962-3120x38750,88600 Nichols Heights,New Lisachester,AS,23997,Botswana,www.murrayindustries.com,Home Furnishings,1011,Net 60,5,2024-03-18
SUP059,East James Enterprises,Robin Adams,Purchasing Manager,zmiller@cunningham-branch.com,910-816-6687x0021,180 Jason Ways Suite 401,Rachelshire,TN,04813,USA,www.eastjamesenterprises.com,Jewelry Manufacturing,1010,Net 60,4,2013-02-17
SUP060,Jefferson Ltd.,Daniel Thomas,Sales Representative,thickman@elliott.biz,+1-885-762-1850x16315,477 Michael Lane,Lopezshire,TN,50317,USA,www.jeffersonltd.com,Educational Products,1007,Net 90,4,2011-09-23
SUP061,Montgomery Enterprises,Michelle Miller,CEO,normanbowers@singh.com,310-447-5412,8886 Anthony Knoll Apt. 995,Smithchester,MS,11602,USA,www.montgomeryenterprises.com,Cosmetics Manufacturing,1005,Net 30,3,2021-04-24
SUP062,Hansen LLC,Dana Meyer DDS,Purchasing Manager,dominicturner@thomas-jackson.com,(647)215-4379x93712,9657 Jordan View Apt. 459,South Leon,MO,42331,French Guiana,www.hansenllc.com,Furniture Manufacturing,1011,Net 60,1,2021-06-18
SUP063,Faulknerbury Co.,Douglas Hartman,Purchasing Manager,daniel93@osborn.com,001-873-874-1672x4342,9796 Stephens Turnpike,Jacquelineside,PA,84148,USA,www.faulknerburyco.com,Textiles,1003,Net 60,4,2024-02-27
SUP064,Port Johnstad Industries,Lonnie Hart,Sales Representative,vrasmussen@rodriguez-garcia.com,288.999.3756x79825,6112 Collins Motorway,New Timothy,NJ,13296,Kazakhstan,www.portjohnstadindustries.com,Home Goods Manufacturing,1003,Net 30,5,2021-04-09
SUP065,Chavez Ltd.,Andrew Page,CEO,sweeneydeborah@marsh.net,(482)458-6736,0937 Price Squares Apt. 341,Port Monicaburgh,MN,43228,Congo,www.chavezltd.com,Gemstone Supply,1010,Net 60,1,2017-04-21
SUP066,Emilyfort Co.,Margaret Harper,Owner,wmatthews@bruce-williamson.com,+1-891-825-1341x252,662 Reid Square,New Garrett,LA,18889,Colombia,www.emilyfortco.com,Fashion Wholesale,1002,Net 30,3,2015-02-28
SUP067,Harveystad Industries,Kari Lee,Purchasing Manager,gmaynard@simpson.info,921.990.3404x3842,148 Weaver Throughway,Port Jenniferside,IL,56226,Bosnia and Herzegovina,www.harveystadindustries.com,Fashion Wholesale,1002,COD,1,2021-06-24
SUP068,West Nancy Industries,Dennis Atkins,Sales Representative,gonzalesvictoria@clark.org,001-659-462-9233x095,449 Farley Passage Apt. 260,Michelleberg,UT,17893,USA,www.westnancyindustries.com,Home Furnishings,1011,Net 90,5,2014-03-09
SUP069,SeekFund International,Pam Lowe,CEO,othomas@burton-brooks.com,+1-716-384-5775x9017,63745 Morgan Ports Apt. 975,North Corymouth,AK,16785,Vanuatu,www.seekfundinternational.com,Industrial Equipment,1008,Net 90,3,2023-04-22
SUP070,LetLoss LLC,Tyler Harris,Sales Representative,nicoleturner@davis-ward.com,(320)464-3611x037,700 Montoya Wall,Bensonfort,CA,30509,Hungary,www.letlossllc.com,Fragrance Production,1005,COD,3,2011-10-13
SUP071,Shaffer Industries,Jacob Evans,Sales Representative,wayala@may.com,489-809-2753,11219 Bell Meadow Suite 234,East Angelaport,WI,91003,USA,www.shafferindustries.com,Textiles,1003,Net 90,3,2010-11-04
SUP072,Boone Ltd.,Christine Lawson,Owner,juliephillips@bowers.info,(813)779-1805x5269,1091 Jose Canyon,Port Raymondport,SC,93906,Macao,www.booneltd.com,Publishing,1009,Net 30,2,2021-12-12
SUP073,LandScience Group,Martin Medina,CEO,joshuacollins@mccall.com,(291)646-3031x6179,02027 Mills Tunnel,Garyberg,WA,35728,USA,www.landsciencegroup.com,Media Production,1009,COD,4,2021-06-08
SUP074,BuySpend LLC,Frances Patterson,CEO,bakertheresa@jones.info,001-225-224-1913,07562 Sarah Walks,New Lindachester,IN,42680,USA,www.buyspendllc.com,Personal Care Products,1005,Net 90,5,2014-03-01
SUP075,Moon International,Roger Duncan,CEO,shawrachel@walker.com,(617)544-5187x0534,9738 Edward Lodge Apt. 385,West Aaronfurt,PR,97242,Saint Lucia,www.mooninternational.com,Book Distribution,1009,Net 90,3,2015-01-20
SUP076,DescribeNext Ltd.,Mrs. Tonya Kaufman,Sales Representative,jenniferdavis@merritt.biz,001-257-819-1826x199,44565 Chavez Fort,East Derekshire,CT,20870,USA,www.describenextltd.com,Health Products,1005,Net 60,3,2012-01-10
SUP077,Cole International,Bryan Howard,Sales Representative,shannonford@davis.com,001-690-635-2135x680,67883 Steven Unions,North Alexander,MP,29636,USA,www.coleinternational.com,Outdoor Living,1012,COD,3,2012-05-27
SUP078,ThanInstitution International,Mark Newman,Purchasing Manager,samantha10@gonzalez.info,(815)810-7029,66253 Joshua Mission Apt. 099,Lake Kenneth,MT,72680,Lesotho,www.thaninstitutioninternational.com,Precious Metals,1010,Net 90,2,2011-05-11
SUP079,Ramirez Ltd.,Curtis Wilkerson,Account Manager,crystalpham@mayo.com,587.259.8564x2059,78593 Craig Shoals Apt. 480,New Meghan,AS,51412,USA,www.ramirezltd.com,Consumer Electronics,1001,Net 30,5,2015-10-06
SUP080,Combs Corp.,Casey Watkins,Purchasing Manager,robin05@elliott.info,+1-542-270-1039,59325 Samantha Vista Suite 002,Port Daniel,NC,48327,Barbados,www.combscorp.com,Home Furnishings,1011,Net 90,4,2016-01-17
SUP081,Willismouth Industries,Chad Moore,Account Manager,fconner@stewart.org,(239)426-4422x096,391 Taylor Summit Apt. 355,Lake Nicole,CO,93426,Paraguay,www.willismouthindustries.com,Home Goods Manufacturing,1003,COD,1,2020-01-11
SUP082,VariousGovernment Enterprises,Derek Wright,Owner,bellkristin@smith.com,(676)258-6179x32710,1152 Martin Club Apt. 599,Bushchester,SD,22127,USA,www.variousgovernmententerprises.com,Automotive Parts,1008,Net 30,2,2019-07-20
SUP083,Hamilton Ltd.,Gary Mccann,Purchasing Manager,uterry@fernandez.com,8693872050,973 Anthony Extension Suite 171,Kristenfort,NM,87144,USA,www.hamiltonltd.com,Textile Production,1002,COD,5,2014-06-01
SUP084,Lopezfurt Co.,Jeremy Baker,CEO,rbaker@brown.com,+1-558-969-3806x86879,60898 David Throughway Suite 223,East Brad,CO,90039,Jordan,www.lopezfurtco.com,Entertainment Media,1009,Net 90,5,2013-06-21
SUP085,TestProduct Ltd.,Kurt Flores,Owner,millerangela@nguyen.com,001-399-386-1622x999,8564 Pena Ports,Johnsonview,MO,19356,Niger,www.testproductltd.com,Jewelry Manufacturing,1010,Net 30,2,2019-07-28
SUP086,Williamsmouth Ltd.,Amber Alvarez,Sales Representative,penny05@collins-cameron.com,524.975.4691,7850 Cameron Station,Taylorhaven,FM,75038,USA,www.williamsmouthltd.com,Furniture Manufacturing,1011,Net 30,2,2010-11-16
SUP087,Lee Group,Sara Wright,Account Manager,xwilliams@gonzalez.biz,+1-710-435-7972x7985,140 Williams Walk Apt. 333,Denisehaven,AK,89918,USA,www.leegroup.com,Landscaping Products,1012,Net 90,3,2010-07-29
SUP088,WhichCause Group,Lindsay Smith,Account Manager,charlene44@woodard-york.info,637-648-9691x085,1545 Green Station,Jacobhaven,WV,31997,United Arab Emirates,www.whichcausegroup.com,Textile Production,1002,Net 60,4,2011-04-18
SUP089,Mathews Co.,Jennifer Flores,Account Manager,jenniferrios@green-barnes.biz,001-409-693-5387x5842,2482 Pena Forges,Jeffreyport,MT,43927,Holy See (Vatican City State),www.mathewsco.com,Wood Products,1011,Net 30,1,2014-05-08
SUP090,Carter Ltd.,Julie Delacruz,CEO,kennedyjames@dillon.net,360-922-3569x7252,250 Shannon Fords Apt. 927,East Christinachester,MO,56734,USA,www.carterltd.com,Precious Metals,1010,Net 90,4,2024-12-02
SUP091,IdentifyAbove International,Curtis Watson,CEO,mcclainkatherine@lee.com,454.321.6894,4789 Hamilton Spur,West Wendy,NM,47588,USA,www.identifyaboveinternational.com,Entertainment Media,1009,Net 30,4,2021-09-10
SUP092,CommunityYourself Ltd.,Robin Smith,Sales Representative,jessicaanderson@johnson.com,(848)390-9010x0167,2304 Stanley Shore Suite 992,Rivasville,NY,94711,Niger,www.communityyourselfltd.com,Electronics Manufacturing,1001,Net 30,3,2012-03-16
SUP093,Port Danielborough Corp.,Paula Decker,Account Manager,michaelortiz@williams.com,001-375-330-0119x721,374 Marshall Courts Apt. 045,Ronaldville,CT,99880,USA,www.portdanielboroughcorp.com,Industrial Equipment,1008,COD,4,2023-10-18
SUP094,ActTogether Group,Matthew Murphy,Account Manager,rfriedman@davis.biz,(974)967-6212x0216,659 Michelle Villages,South Samantha,DE,54408,USA,www.acttogethergroup.com,Athletic Apparel,1006,Net 30,2,2017-01-19
SUP095,Brown Group,Alexandria Oneill,Owner,tiffanysantiago@stone-watts.org,263-275-6289,772 Karen Islands,West Tara,AR,66945,USA,www.browngroup.com,Fragrance Production,1005,Net 30,3,2013-10-12
SUP096,Schneider LLC,David Stevens,Owner,fmiller@stewart-hooper.com,666-508-8019,5037 Castro River Suite 571,Port Donnatown,MA,47049,USA,www.schneiderllc.com,Toy Manufacturing,1007,Net 30,2,2022-11-21
SUP097,Amystad Group,Amber Martin,Purchasing Manager,lydianewton@rodriguez-carr.com,363-973-5160,982 Smith Street Apt. 869,Glassburgh,UT,76333,USA,www.amystadgroup.com,Home Furnishings,1011,Net 60,3,2013-01-17
SUP098,North Paul Group,Sonya Gordon,Owner,mbarnes@farmer.com,522.669.8485x833,228 Page Trace Suite 879,Craigside,LA,55864,Sri Lanka,www.northpaulgroup.com,Apparel Manufacturing,1002,Net 60,3,2010-08-19
SUP099,North Oscarton International,Christina Christensen,Sales Representative,tonyavega@franco.com,880.557.1983,066 Frye Spur Suite 800,Jamesmouth,MP,30064,United States Minor Outlying Islands,www.northoscartoninternational.com,Toy Manufacturing,1007,Net 30,4,2019-12-12
SUP100,SecurityRaise Corp.,Kevin Rodgers,Owner,kimberlybrandt@cole-lucero.com,(628)416-0648,405 Mckinney Drives,East Sarahton,WI,82469,Nicaragua,www.securityraisecorp.com,Car Accessories,1008,COD,4,2023-02-01
SUP101,FishMilitary Co.,Krista Jones,CEO,alicia28@hartman.biz,+1-786-615-3355,878 Danny Key,Allenbury,AZ,89964,USA,www.fishmilitaryco.com,Tool Manufacturing,1008,Net 60,1,2023-09-22
SUP102,James Enterprises,Ashley Scott,Purchasing Manager,angel85@lang.com,881-312-8801x33613,75011 Gregory Glen,New Lorraineview,MT,51361,USA,www.jamesenterprises.com,Fitness Equipment,1006,Net 90,5,2017-03-17
SUP103,Hamiltontown Group,Bryan Smith,Owner,avilabrenda@charles.com,+1-849-614-7660x72832,5088 David Avenue,Medinaland,ME,28033,USA,www.hamiltontowngroup.com,Textiles,1003,Net 90,5,2021-08-31
SUP104,WellShe Enterprises,Jason Brewer,Sales Representative,eugenewalker@lee-white.org,5879814141,2314 Rachel Island Suite 759,Heatherberg,OK,74800,Haiti,www.wellsheenterprises.com,Car Accessories,1008,Net 60,5,2022-07-22
SUP105,Benjamin Enterprises,Erik Floyd,CEO,xhill@frazier.info,575.647.8129x142,108 Lisa Prairie,Hammondborough,PW,05305,Micronesia,www.benjaminenterprises.com,Computer Hardware,1001,COD,4,2014-05-08
SUP106,WallNotice Corp.,Reginald Diaz,Sales Representative,patricialawrence@anderson-mason.com,(458)903-9282x7229,37314 Young Skyway Apt. 856,Hardinton,AZ,85504,USA,www.wallnoticecorp.com,Automotive Parts,1008,Net 90,1,2015-04-21
SUP107,ScoreNear Group,Denise Harmon,Purchasing Manager,nicholasgray@valdez.biz,486.955.7790,18432 Eric Rapids,Lake Jerrymouth,VA,15356,Liberia,www.scoreneargroup.com,Footwear,1002,COD,2,2020-07-26
SUP108,Mendoza Ltd.,Maria Jenkins,Purchasing Manager,bradleyberry@taylor.com,001-220-624-2869,79772 Maria Rapid,Port Brandi,WI,24340,Nigeria,www.mendozaltd.com,Athletic Apparel,1006,COD,3,2020-05-02
SUP109,Garymouth Group,Linda Jones,Owner,gcruz@harris.biz,(391)327-9908,298 Penny Trail Suite 865,Lake Alyssabury,AS,63693,USA,www.garymouthgroup.com,Publishing,1009,Net 90,2,2022-04-14
SUP110,IHard Enterprises,Natalie Juarez,CEO,colemanjonathan@kent.com,+1-886-543-0098x180,5126 Green Plain Suite 959,Victoriafurt,WV,27199,USA,www.ihardenterprises.com,Apparel Manufacturing,1002,Net 90,1,2016-08-21
SUP111,Bowers Inc.,Mr. Justin King,Account Manager,becky62@wilson.com,838-265-8902,79611 Walker Common,Lake Patrickfurt,RI,86507,USA,www.bowersinc.com,Health Products,1005,Net 60,5,2018-04-04
SUP112,Port Lorifort Corp.,Dakota Sandoval,Purchasing Manager,james98@hale.com,502.214.6566,84895 Richmond Harbor,New Sylvia,NH,53448,USA,www.portlorifortcorp.com,Kitchenware,1003,COD,5,2019-01-24
SUP113,Gregoryhaven Group,Benjamin Phillips,Sales Representative,prattsue@li.biz,001-373-657-7907,3356 Black Branch,Johnland,MO,88803,USA,www.gregoryhavengroup.com,Watch Making,1010,Net 90,4,2021-09-02
SUP114,Peterson Inc.,Cassandra Edwards,Owner,patriciaadams@vega.com,434.333.3395,79080 Watson Island,Villanuevashire,VI,36510,USA,www.petersoninc.com,Car Accessories,1008,COD,3,2017-10-20
SUP115,SouthWhole Ltd.,Jennifer Christensen,Account Manager,brianlloyd@ayers-johnson.com,(727)718-7500x3691,84347 Diaz Parks Suite 365,Melissaview,NV,24079,USA,www.southwholeltd.com,Home Furnishings,1011,Net 90,2,2019-01-05
SUP116,ParentRich Group,Brett Nelson,CEO,angelachase@thomas.com,202.867.2885x7448,203 Woods Roads,South Julieview,MN,47727,USA,www.parentrichgroup.com,Textile Production,1002,Net 90,3,2018-11-05
SUP117,Frederick Enterprises,Alejandro Martinez,Owner,barbarasantos@thompson.net,871.369.4722x5699,53554 Jacobs Locks,Pamstad,WA,77429,Mali,www.frederickenterprises.com,Cosmetics Manufacturing,1005,Net 30,5,2024-12-03
SUP118,JobComputer Ltd.,Alexander Luna,Sales Representative,shelby13@sanders.com,680.506.8114x9216,472 Alison Extension,North Elizabethmouth,VI,62911,USA,www.jobcomputerltd.com,Agricultural Products,1004,Net 90,2,2017-06-13
SUP119,Amyberg Inc.,Melissa Thompson,Purchasing Manager,owelch@graham.com,483.717.4564x2400,8077 Smith Meadows Suite 930,Jacobside,NE,52241,USA,www.amyberginc.com,Fragrance Production,1005,Net 60,1,2014-03-10
SUP120,SeniorSince Industries,Sandra Walker,Sales Representative,hendersonjohn@aguirre.net,963-512-2417x974,20802 Julian Crossroad Suite 031,North Tristan,MA,55583,USA,www.seniorsinceindustries.com,Landscaping Products,1012,Net 90,5,2015-02-11
SUP121,Boltonmouth Ltd.,Amanda Miller,CEO,brianrowe@daniels.com,560-913-6730x371,452 Julie Plaza Apt. 474,West Paige,VI,87886,Cuba,www.boltonmouthltd.com,Furniture,1003,Net 90,3,2025-01-14
SUP122,EatProperty Group,Adrian Bauer,Sales Representative,fosterjohn@perkins.info,001-292-751-3271x950,812 Hall Point,Lindamouth,VA,25793,Angola,www.eatpropertygroup.com,Textile Production,1002,COD,5,2020-10-11
SUP123,Howard Enterprises,Steven Washington,Owner,ihansen@henry.com,001-774-998-2182x7448,862 Christine Lakes,West Jennifer,TN,71143,USA,www.howardenterprises.com,Computer Hardware,1001,Net 90,3,2022-09-22
SUP124,New Felicia Industries,Brittany Campbell,CEO,hdavidson@mills.com,(820)931-7310,53910 Diana Village Apt. 705,Shortton,GU,81363,USA,www.newfeliciaindustries.com,Textile Production,1002,Net 90,5,2014-06-06
SUP125,Williams LLC,Eric Blackburn,Account Manager,garciajerry@lopez-fox.com,001-828-386-1957,86852 Mahoney Island,Meganchester,WV,83501,USA,www.williamsllc.com,Home Furnishings,1011,Net 30,2,2016-11-24
SUP126,Swanson Inc.,Kristine Lewis,Purchasing Manager,michael77@smith-johnson.com,+1-408-324-0433x504,5224 Preston Gateway,West Lisa,CO,75275,USA,www.swansoninc.com,Fragrance Production,1005,Net 60,4,2016-06-09
SUP127,Lake Chris International,John Freeman,CEO,larsonkevin@stokes.com,(766)413-9060x480,320 Maddox Terrace Apt. 364,Hernandezmouth,CO,62872,USA,www.lakechrisinternational.com,Game Production,1007,COD,5,2019-01-05
SUP128,New Raymondland Ltd.,Jeffrey Wolfe,Sales Representative,timothygonzalez@pearson-gonzalez.org,001-783-731-4659x1166,5904 Vanessa Ridges,Hansonmouth,AZ,31104,USA,www.newraymondlandltd.com,Computer Hardware,1001,Net 60,3,2013-06-08
SUP129,Brooks Industries,Sarah Rodriguez,Purchasing Manager,sanchezchristine@melton.com,914-477-0538x33884,9804 Brian Flats,Briantown,CA,51441,USA,www.brooksindustries.com,Book Distribution,1009,Net 60,1,2020-05-06
SUP130,RecognizeTogether Group,Heather Rodriguez,Owner,michelle63@romero-mckinney.com,698.712.3878x0038,2055 Garrett Freeway Suite 046,New Stacybury,FL,45299,Ukraine,www.recognizetogethergroup.com,Textile Production,1002,Net 30,3,2016-05-02
SUP131,Taylor Corp.,Kelly Gregory,Purchasing Manager,robertberry@waller-browning.com,882.432.9832x482,1881 Lonnie Drive,Port Lucaschester,MT,40261,Kenya,www.taylorcorp.com,Watch Making,1010,Net 60,5,2021-08-16
SUP132,Underwood Co.,Nancy Hernandez,Owner,daniellopez@jensen.org,930.751.7289,7722 Jeremy Lodge,West Stephaniebury,WA,88494,USA,www.underwoodco.com,Outdoor Equipment,1006,Net 60,2,2025-04-06
SUP133,North Gregory Corp.,Jessica Williamson,Sales Representative,michelle36@parsons-franklin.biz,001-256-599-9880x8177,086 James Mill Suite 447,South Kelly,PW,07650,USA,www.northgregorycorp.com,Apparel Manufacturing,1002,Net 60,5,2020-10-15
SUP134,Mckee Corp.,Matthew Davis,Sales Representative,whitebrenda@payne.com,(379)337-1452,751 Acosta Pass,South Andrea,AZ,22899,United States Minor Outlying Islands,www.mckeecorp.com,Cosmetics Manufacturing,1005,Net 30,1,2015-06-21
SUP135,East Misty Industries,Michael Barnes,CEO,jessica74@white.com,+1-940-977-7809x733,1990 Nicole Harbors Apt. 022,Lake Michaelberg,PR,04751,USA,www.eastmistyindustries.com,Publishing,1009,Net 30,5,2020-06-11
SUP136,Massey Inc.,Thomas Williams,CEO,kchaney@mitchell.org,+1-727-895-0145,8147 David Wall,Markchester,NC,28005,USA,www.masseyinc.com,Audio Equipment,1001,Net 30,4,2020-11-16
SUP137,PopulationArticle Group,Nicholas Fuller,Account Manager,webbhaley@mitchell.net,001-995-429-9787,430 Andrew Road,Lake Melaniechester,MT,06463,USA,www.populationarticlegroup.com,Apparel Manufacturing,1002,Net 30,2,2015-06-13
SUP138,Castro International,Alexandra Harris,CEO,jonathan14@hunter-nguyen.com,755-769-9023,0272 Mcclain Plain Suite 760,Annettemouth,OH,70740,Andorra,www.castrointernational.com,Plant Nurseries,1012,Net 90,4,2013-07-25
SUP139,Laurenstad Enterprises,Chase Pittman,Owner,tonya82@obrien.com,001-650-446-1735x743,0317 Lauren Parkway,East Matthew,NJ,96503,Tunisia,www.laurenstadenterprises.com,Apparel Manufacturing,1002,Net 60,4,2018-04-18
SUP140,Douglasville Co.,Teresa Rhodes,CEO,jamiejohnson@reeves-boyd.com,509-715-7018x4094,44857 Joseph Estate,Dannyside,NY,13919,USA,www.douglasvilleco.com,Educational Products,1007,Net 30,3,2013-07-16
SUP141,Andreaview Ltd.,Michael Campbell,CEO,georgecollins@fernandez-williams.com,701.660.1662x9979,81792 Lisa Square Suite 174,Ruizbury,FL,81364,USA,www.andreaviewltd.com,Outdoor Equipment,1006,Net 30,1,2014-04-24
SUP142,Philipmouth Industries,Sonya Chavez,Owner,jonesdaniel@murray-jackson.com,+1-992-881-6158x148,93827 Jones Fords Suite 695,East Elaine,CA,97411,Venezuela,www.philipmouthindustries.com,Home Goods Manufacturing,1003,Net 90,1,2021-02-12
SUP143,Wilsonmouth Enterprises,Brent Wallace,Account Manager,stephanie19@jennings.biz,970-513-2902x27846,549 Sellers Mews,Veronicashire,AL,80650,USA,www.wilsonmouthenterprises.com,Garden Supply,1012,Net 90,1,2025-03-27
SUP144,Abbottport Co.,Steven Faulkner,Sales Representative,warnerlori@rodriguez-campbell.com,569.465.6666,38656 Keith Well Apt. 201,East Jenniferfort,TN,57744,Burkina Faso,www.abbottportco.com,Textiles,1003,Net 90,5,2011-09-17
SUP145,May Ltd.,Jesus Mccormick,CEO,dhanson@coleman.com,(869)709-7384,97519 Nixon Common,Lake Jessica,PR,98881,Slovakia (Slovak Republic),www.mayltd.com,Watch Making,1010,Net 30,5,2014-08-19
SUP146,NationBar Ltd.,Lisa Sanchez,Account Manager,suttonamber@edwards.com,678.679.5654x4209,792 Diana Highway,West Toddberg,NY,10575,Thailand,www.nationbarltd.com,Consumer Electronics,1001,Net 90,3,2022-03-13
SUP147,King Corp.,Denise Scott,Purchasing Manager,munozrenee@hernandez.com,001-837-828-0512x927,723 Brown Greens,North Garyfurt,NJ,40001,USA,www.kingcorp.com,Textiles,1003,Net 30,1,2017-08-01
SUP148,SoldierWin Co.,Jamie Thornton,CEO,hbaker@smith-ho.info,(358)601-8569x4544,3938 Byrd Falls Suite 800,North Roberthaven,CT,90350,USA,www.soldierwinco.com,Entertainment Products,1007,Net 90,3,2017-02-16
SUP149,DiscussShare LLC,Corey Johnson,Sales Representative,brownbrooke@sampson.com,001-911-392-6921x244,6542 Joshua Circle Suite 650,Stephanieview,HI,58248,Bangladesh,www.discusssharellc.com,Consumer Electronics,1001,Net 30,1,2017-10-25
SUP150,Mcfarland Enterprises,Cassandra Vasquez,CEO,amberreynolds@schneider.com,2112947072,2569 Zachary Trail Suite 766,New Jeremiahfurt,UT,63686,USA,www.mcfarlandenterprises.com,Industrial Equipment,1008,Net 30,3,2012-04-04
SUP151,Mathewport Ltd.,Mark Benjamin,Owner,diazmelissa@miller-stevens.com,+1-932-580-6346x1571,30937 Brown Plains,Victormouth,AK,05356,USA,www.mathewportltd.com,Home Furnishings,1011,Net 30,2,2015-07-13
SUP152,Morgan Inc.,Jennifer Lewis,Account Manager,ibentley@figueroa.com,2274079032,1792 Lisa Coves,South Brookebury,CA,27061,Japan,www.morganinc.com,Consumer Electronics,1001,Net 60,3,2015-07-02
SUP153,Huff LLC,Jennifer Martinez,CEO,marcoconnell@duran.com,411-342-6258x27390,07100 Sara Squares Suite 672,East Danielle,NC,59538,USA,www.huffllc.com,Audio Equipment,1001,COD,5,2016-08-15
SUP154,WriterContain International,Amanda White,Purchasing Manager,fsalazar@serrano.net,531.981.9588,0312 Jimenez Estate,North Deannaport,IL,57474,USA,www.writercontaininternational.com,Book Distribution,1009,Net 30,4,2014-03-19
SUP155,Jensen LLC,Jody Garcia,Owner,buckleygregory@washington.com,379.795.6353,36363 Thomas Oval,South Dustinmouth,HI,51269,USA,www.jensenllc.com,Athletic Apparel,1006,COD,3,2016-01-16
SUP156,Ellis Inc.,Ian Nelson,Owner,david90@taylor-york.info,(925)534-9292x98316,4063 Mark Prairie Apt. 929,South Tinaton,NJ,96639,USA,www.ellisinc.com,Outdoor Equipment,1006,Net 90,1,2021-12-20
SUP157,South Amandafort LLC,Melissa Garcia,Owner,jallen@steele.com,(954)231-0742,2625 Padilla Alley Apt. 658,West Ronaldview,UT,80782,USA,www.southamandafortllc.com,Packaged Goods,1004,Net 30,4,2018-07-30
SUP158,StudyDespite Industries,Angela Gilmore,Sales Representative,robertsonrenee@barron-rodriguez.com,590.355.2818x325,933 Gomez Grove Suite 401,Michaelfort,NY,69534,USA,www.studydespiteindustries.com,Agricultural Products,1004,Net 30,5,2022-11-19
SUP159,Mckinneyside Industries,Jodi Richardson,Sales Representative,lopeznicole@miller.com,212-641-2723,827 Fisher Street Apt. 431,Port Lauriehaven,SD,44525,USA,www.mckinneysideindustries.com,Outdoor Equipment,1006,Net 90,2,2016-08-13
SUP160,Cooper Corp.,Erin Watkins,Sales Representative,kellis@villanueva.com,437-654-0254x729,22310 Andrews Mill,Mikeborough,OH,93186,Antigua and Barbuda,www.coopercorp.com,Furniture Manufacturing,1011,COD,4,2020-06-03
SUP161,GuyChoose Group,Joshua Martin,Account Manager,david06@mack-gould.com,(408)985-4749,170 Erica Crescent Suite 069,South Michael,MD,07714,USA,www.guychoosegroup.com,Office Furnishings,1011,Net 30,4,2019-07-25
SUP162,New Alicia Ltd.,Pamela Gonzalez,Account Manager,ryansean@rosario.info,799-780-5626x56504,8137 Lara Heights Apt. 662,East Jaredfort,VI,69353,USA,www.newalicialtd.com,Cosmetics Manufacturing,1005,Net 90,4,2025-03-28
SUP163,New Katelynland Inc.,Mark Nelson,Purchasing Manager,angelapage@gonzalez.com,+1-570-249-4787,44714 White Spurs,North David,KY,65126,USA,www.newkatelynlandinc.com,Fitness Equipment,1006,Net 30,5,2025-05-09
SUP164,New Julieshire Enterprises,Mr. David Jennings,CEO,brooksjessica@bruce.org,7258725204,44818 Katie Falls Apt. 928,Moniqueport,KY,90343,Qatar,www.newjulieshireenterprises.com,Automotive Parts,1008,Net 60,3,2020-10-06
SUP165,New Bettyberg International,Joseph Watson,CEO,kjenkins@robinson.com,389.388.8167,75452 Preston Ranch,Geraldport,AK,98078,USA,www.newbettyberginternational.com,Home Goods Manufacturing,1003,Net 90,1,2022-08-29
SUP166,East Melissa Corp.,Darrell Martinez,CEO,tinacoleman@jones.biz,6312089071,0119 Briana Flats,Lake Michael,CO,19579,Tanzania,www.eastmelissacorp.com,Consumer Electronics,1001,Net 60,3,2021-08-19
SUP167,Ramirez Ltd.,Heather Wyatt,Account Manager,williamjones@hines.com,(480)913-8759,56638 Rick Trace,Davidville,NC,18315,USA,www.ramirezltd.com,Entertainment Products,1007,Net 30,3,2017-11-17
SUP168,Ward LLC,Nathan Miller,Account Manager,swilson@burke-collins.info,486.246.3175,167 David Locks Suite 912,West Theresamouth,ID,78483,USA,www.wardllc.com,Entertainment Media,1009,Net 60,3,2023-02-06
SUP169,Powell Corp.,Jeff Porter,CEO,katelyn65@estrada-clements.info,342.971.1477x32010,69524 Kathleen Shore,Sparksborough,LA,87282,USA,www.powellcorp.com,Fitness Equipment,1006,Net 30,3,2017-11-28
SUP170,Amyside Industries,Tiffany Johnson,CEO,hbeard@cole-farrell.info,900.328.4276x246,889 Alvarez Walk Apt. 806,Troyfurt,RI,89169,USA,www.amysideindustries.com,Home Goods Manufacturing,1003,Net 30,3,2015-09-25
SUP171,Levine Co.,Alfred Williams,Sales Representative,michael90@peterson.com,(250)733-3491x14152,6986 Smith Mountains,West Nicholasfurt,MD,75544,USA,www.levineco.com,Athletic Apparel,1006,Net 60,2,2011-11-28
SUP172,Freeman LLC,Christine Crawford,Account Manager,garrett45@harris-reid.com,+1-334-340-4963,1987 Clark Underpass Apt. 484,Alvaradomouth,ID,54805,Iran,www.freemanllc.com,Publishing,1009,Net 60,5,2014-03-18
SUP173,Robertson Corp.,Kimberly Ibarra,CEO,barbaralewis@hurley.org,001-769-308-3572x32466,4424 Richard Crescent,East Anthony,AS,41204,USA,www.robertsoncorp.com,Kitchenware,1003,Net 90,2,2017-05-27
SUP174,OpportunityLeast Ltd.,Taylor Harris,Sales Representative,derek44@pierce.info,3018594165,19818 Crawford Course,New David,AS,41580,USA,www.opportunityleastltd.com,Landscaping Products,1012,Net 90,4,2015-05-19
SUP175,PatternSince Co.,Paul Young,CEO,grobinson@lewis.info,(449)707-8515x86734,540 Mckenzie Shore Apt. 348,Parkerstad,MH,90317,British Virgin Islands,www.patternsinceco.com,Athletic Apparel,1006,COD,5,2018-06-19
SUP176,Port Scott Corp.,Tyler Pennington,Account Manager,kevin34@villarreal.info,+1-656-304-1776x5612,9857 Kathleen Row Apt. 720,Gonzalezport,MD,75973,USA,www.portscottcorp.com,Beverage Manufacturing,1004,COD,3,2011-09-04
SUP177,East Zachary LLC,Sandra Hines,Account Manager,usparks@mendoza-moss.com,(895)843-1652,08931 Gonzalez Squares,North Richard,NE,79195,USA,www.eastzacharyllc.com,Garden Supply,1012,Net 60,3,2014-05-06
SUP178,West Georgeshire International,Nathan Graham,Purchasing Manager,fwilcox@walker.com,447-862-6393x436,44397 Mike Spur,Millerfort,DC,42869,Puerto Rico,www.westgeorgeshireinternational.com,Textiles,1003,Net 60,4,2016-05-27
SUP179,DifferenceSell Inc.,Jay Harper,CEO,davisbrian@galvan-ruiz.com,+1-290-404-8964x652,87572 Logan Pines Suite 241,Bradleyberg,NM,37332,USA,www.differencesellinc.com,Toy Manufacturing,1007,Net 60,4,2021-08-28
SUP180,WithLaw Industries,Shawn Austin,Account Manager,zachary62@doyle-henry.com,+1-970-632-0320,761 Williams Knolls,Ellisville,PR,94841,Tonga,www.withlawindustries.com,Food Production,1004,Net 90,2,2012-08-30
SUP181,Bailey Ltd.,Duane Conley,CEO,anna93@bolton.com,(413)271-5041x65915,7749 Mark Cape,Nguyenshire,DC,28205,USA,www.baileyltd.com,Tool Manufacturing,1008,Net 30,1,2023-05-23
SUP182,Solis Co.,Robert Manning,Purchasing Manager,qdavis@allen.com,9328664214,925 Marilyn Passage Apt. 776,Adamschester,CO,99655,Jamaica,www.solisco.com,Textiles,1003,Net 60,3,2022-08-09
SUP183,Austin Co.,Jeffery Williams,Purchasing Manager,teresa32@rose-holland.com,276-317-4224x3864,186 Davis Shore,Michaelshire,CO,66488,USA,www.austinco.com,Entertainment Products,1007,COD,5,2010-09-08
SUP184,Whiteburgh International,Amber Butler,Sales Representative,lee77@morton.com,221.894.1680,27769 Turner Via,Hannahfurt,AS,40170,USA,www.whiteburghinternational.com,Watch Making,1010,Net 30,5,2011-10-04
SUP185,Taylor Enterprises,Robert Horton,Owner,micheleclark@thomas.net,414.472.7601,7079 James Port Suite 050,Lake Melaniechester,MT,65473,Saint Pierre and Miquelon,www.taylorenterprises.com,Home Goods Manufacturing,1003,Net 30,5,2019-02-13
SUP186,Benjaminfurt International,Mr. Logan Gregory,CEO,dhall@smith.com,+1-967-717-9576x0243,83959 Anderson Hill Suite 657,New Jared,UT,98707,Benin,www.benjaminfurtinternational.com,Publishing,1009,Net 30,4,2020-06-12
SUP187,CarryConsumer Ltd.,Larry Garcia,Account Manager,fhahn@young-hawkins.com,(545)322-8015x619,4550 Kemp Walk,Lake Brentmouth,AS,60418,Tajikistan,www.carryconsumerltd.com,Garden Supply,1012,Net 90,2,2021-10-11
SUP188,BornStation LLC,Rachael Meza,Sales Representative,romerogary@pitts.com,001-847-287-1255x2137,5482 Joseph Stravenue,Wardbury,FL,99225,USA,www.bornstationllc.com,Precious Metals,1010,Net 90,2,2021-09-28
SUP189,KnowStore Group,Robert Gutierrez,Sales Representative,hvillanueva@cox.com,001-481-215-5626x060,6845 Smith Harbors Apt. 673,Terryfurt,WI,26360,Turkmenistan,www.knowstoregroup.com,Landscaping Products,1012,Net 30,4,2014-12-18
SUP190,Johnson Co.,Neil Singh,Purchasing Manager,abigailfernandez@davis.com,752.600.8943x46810,01749 Shawn Freeway Apt. 544,Lake Nicholas,WA,32958,USA,www.johnsonco.com,Consumer Electronics,1001,Net 90,5,2012-01-08
SUP191,Black International,Richard Gibson,Purchasing Manager,jenniferpoole@davis.com,937.815.8698x8649,762 William Oval Suite 288,Lake Jasonfort,AZ,98345,Cayman Islands,www.blackinternational.com,Car Accessories,1008,Net 60,3,2024-08-07
SUP192,Wood Inc.,Lindsay Ortiz,Account Manager,woodkeith@hernandez.com,270-322-9604x4327,06794 Mccullough Tunnel Suite 792,New Dana,WV,59474,USA,www.woodinc.com,Office Furnishings,1011,Net 90,4,2020-06-13
SUP193,ChurchTrial Group,Ann Weber,Sales Representative,zhughes@weaver-rubio.info,001-241-520-9481x8139,018 Suzanne Harbor Apt. 397,Port Amandamouth,MO,77688,USA,www.churchtrialgroup.com,Educational Products,1007,COD,3,2011-02-12
SUP194,TrainingWorld International,Jeffrey Perry,CEO,patrick11@weaver.com,(741)424-6209,046 Luke Loop,Jonathanville,AR,27050,USA,www.trainingworldinternational.com,Cosmetics Manufacturing,1005,Net 60,5,2014-01-13
SUP195,Harper LLC,Jordan Gordon,Account Manager,adamslucas@russell.com,8489913824,832 Fernandez Extension,New Stephanie,PW,73265,USA,www.harperllc.com,Fashion Wholesale,1002,COD,2,2017-03-20
SUP196,Port Stevenport Industries,Carol Brown,Account Manager,qnelson@james.org,840.528.9141x61284,547 Sanchez Islands Suite 379,Allenberg,SD,00769,USA,www.portstevenportindustries.com,Automotive Parts,1008,COD,3,2019-07-28
SUP197,North Emilychester Inc.,Melissa Burns,Account Manager,ymedina@curtis.info,+1-215-569-5620x17537,5319 Stokes Forges,South Tammy,AZ,37300,USA,www.northemilychesterinc.com,Footwear,1002,Net 60,1,2017-10-31
SUP198,Padilla Group,Adrienne Joyce,Purchasing Manager,rrodriguez@mason.org,+1-599-221-9212x49384,870 Davidson Run Apt. 566,Davidhaven,NH,65456,USA,www.padillagroup.com,Consumer Electronics,1001,Net 90,3,2015-11-12
SUP199,Blake Inc.,Courtney Ramirez,CEO,upatel@myers.com,001-603-361-3325,76095 Wright Mountains,West Marissa,GU,44225,Mali,www.blakeinc.com,Watch Making,1010,Net 90,4,2022-05-09
SUP200,YetBaby Corp.,Lisa Duran,CEO,friley@rangel.com,001-212-607-0496x110,1963 Shawn Mountain Suite 991,Debratown,NH,68293,USA,www.yetbabycorp.com,Book Distribution,1009,Net 90,2,2015-05-13
